,Principal Approve Amount,Principal Amount,Repayment Tenor Month Number,Gender,DOB,Occupation Description,Total Income Amount (Month),Collateral Type Code,Vehicle Brand,Vehicle Model,Vehicle Release Year,Vehicle Sub Model,Evaluation Amount,System CAR Code (Daily),System CAR Code Date,Final CAR Code Previous Month,DPD,Application Status,age,Vehicle Age
0,199000.0,199000.0,60,F,1979-07-14,STREET VENDOR,20000.0,PU,NISSAN,FRONTIER NAVARA,2012,AD,283500,S1,2022-11-14,S1,PL,APPLICATION_COMPLETED,44,11
1,60000.0,58822.04,36,M,1970-01-25,อื่นๆ,14000.0,CAR,TOYOTA,COROLLA ALTIS,2002,AJ,111000,S1,2022-09-06,S1,PL,APPLICATION_COMPLETED,53,21
2,36000.0,35904.37,24,F,1991-05-10,พนักงานบริษัท,15000.0,MC,HONDA,CLICK 150I,2019,BH,48500,S1,2022-12-30,S2,PL,APPLICATION_COMPLETED,32,4
3,30000.0,28813.69,24,F,1986-03-20,เกษตรกร,35000.0,MC,HONDA,PCX 150,2020,ED,76500,S1,2022-11-12,S1,PL,APPLICATION_COMPLETED,37,3
5,111000.0,111000.0,60,M,1962-01-01,เกษตรกร,12645.0,PU,TOYOTA,HILUX TIGER,2003,BE,190000,S1,2022-12-15,S1,PL,APPLICATION_COMPLETED,61,20
6,21000.0,20160.78,36,M,1957-10-24,เกษตรกร,8000.0,MC,HONDA,SCOOPY I,2018,CE,28000,S1,2022-08-18,S1,PL,APPLICATION_COMPLETED,66,5
7,29000.0,28530.66,24,F,1989-04-07,เกษตรกร,15000.0,MC,HONDA,WAVE 110 I,2016,CK,39000,S1,2022-10-10,S1,PL,APPLICATION_COMPLETED,34,7
8,33000.0,32485.66,36,F,1984-09-16,พนักงานบริษัท,12000.0,MC,HONDA,WAVE 110 I,2020,EG,44000,S1,2022-11-14,S1,PL,APPLICATION_COMPLETED,39,3
9,200000.0,199526.65,60,F,1992-06-16,พนักงานบริษัท,18000.0,CAR,NISSAN,MARCH,2018,AX,322000,S1,2022-10-07,S1,PL,APPLICATION_COMPLETED,31,5
10,18000.0,18000.0,12,M,1965-05-11,พนักงานบริษัท,20000.0,MC,YAMAHA,TTX 115,2012,AJ,10000,S1,2022-12-27,S1,PL,APPLICATION_COMPLETED,58,11
11,10000.0,9907.53,24,M,1974-08-11,ข้าราชการ,15000.0,MC,HONDA,WAVE X,2007,AV,20000,S1,2022-08-18,S1,PL,APPLICATION_COMPLETED,49,16
13,26000.0,25824.05,36,M,1999-04-17,พนักงานบริษัท,15000.0,MC,HONDA,DREAM 110,2013,BJ,40000,S1,2022-11-08,S1,PL,APPLICATION_COMPLETED,24,10
15,30000.0,29200.07,24,F,1976-08-05,อื่นๆ,10000.0,MC,YAMAHA,GRAND FILANO 125,2019,AY,46500,S1,2022-11-10,S1,PL,APPLICATION_COMPLETED,47,4
17,295000.0,295000.0,60,M,1972-12-25,เกษตรกร,21250.0,PU,ISUZU,D-MAX,2011,BR,392500,S1,2022-12-19,S1,PL,APPLICATION_COMPLETED,51,12
18,33000.0,31690.06,24,M,1975-02-13,พนักงานบริษัท,15000.0,MC,HONDA,WAVE 110 I,2019,DU,44000,S1,2022-11-22,S1,PL,APPLICATION_COMPLETED,48,4
19,142000.0,141901.83,60,M,1963-01-20,อื่นๆ,20000.0,PU,TOYOTA,HILUX VIGO,2008,EI,204000,S1,2022-08-22,S1,PL,APPLICATION_COMPLETED,60,15
20,200000.0,198385.72,48,F,1982-10-07,พนักงานบริษัท,15000.0,PU,ISUZU,D-MAX,2013,BR,374500,S1,2022-10-05,S1,PL,APPLICATION_COMPLETED,41,10
22,189000.0,188941.36,60,M,1983-10-16,พนักงานบริษัท,22000.0,CAR,NISSAN,ALMERA,2016,BD,269500,S1,2022-10-16,S1,PL,APPLICATION_COMPLETED,40,7
23,100000.0,100000.0,60,F,1967-06-03,STREET VENDOR,16000.0,CAR,TOYOTA,VIOS,2010,DX,222000,S1,2022-12-28,S1,PL,APPLICATION_COMPLETED,56,13
24,30000.0,28781.93,36,M,1981-05-04,เกษตรกร,18000.0,MC,HONDA,WAVE 110 I,2018,DE,41000,S1,2022-10-28,S1,PL,APPLICATION_COMPLETED,42,5
26,283000.0,283000.0,60,F,1993-07-23,บุคลากรทางการแพทย์,25000.0,PU,ISUZU,D-MAX,2011,AM,353500,S1,2022-10-20,S1,PL,APPLICATION_COMPLETED,30,12
27,26000.0,25006.47,24,M,1977-08-08,พนักงานบริษัท,30000.0,MC,HONDA,SCOOPY I,2019,AM,46000,S1,2022-10-04,S1,PL,APPLICATION_COMPLETED,46,4
28,15000.0,13733.61,18,F,1976-05-03,เกษตรกร,20000.0,MC,HONDA,WAVE 110 I,2010,AG,20000,S1,2022-09-26,S1,PL,APPLICATION_COMPLETED,47,13
30,100000.0,97109.66,48,M,1973-04-03,เกษตรกร,29400.0,PU,TOYOTA,HILUX VIGO,2006,CT,321500,S1,2022-12-17,S1,PL,APPLICATION_COMPLETED,50,17
31,15400.0,14994.38,36,F,1981-09-29,อื่นๆ,15000.0,MC,HONDA,SCOOPY I,2009,BA,20500,S1,2022-11-16,S1,PL,APPLICATION_COMPLETED,42,14
36,300000.0,300000.0,60,F,1978-03-08,เกษตรกร,20000.0,PU,ISUZU,D-MAX,2012,CJ,375500,S1,2022-12-12,S1,PL,APPLICATION_COMPLETED,45,11
37,3000.0,2121.44,12,M,1977-10-15,พนักงานบริษัท,25000.0,MC,YAMAHA,MIO 115,2005,AH,10000,S1,2022-07-18,S1,PL,APPLICATION_COMPLETED,46,18
39,19000.0,18079.94,36,F,1961-12-14,เกษตรกร,15000.0,MC,HONDA,MSX 125,2014,BB,26000,S1,2022-11-11,S1,PL,APPLICATION_COMPLETED,62,9
40,26300.0,26300.0,36,M,1971-08-16,STREET VENDOR,30000.0,CAR,HONDA,CITY,2000,DQ,92500,S1,2022-12-03,S1,PL,APPLICATION_COMPLETED,52,23
41,30700.0,30687.88,36,M,1990-06-06,พนักงานบริษัท,17500.0,MC,YAMAHA,M-SLAZ 150,2018,BF,41000,S1,2022-06-30,S1,PL,APPLICATION_COMPLETED,33,5
44,50000.0,47278.17,24,M,1962-02-01,STREET VENDOR,15000.0,MC,HONDA,PCX 150,2019,DN,72000,S1,2022-09-26,S1,PL,APPLICATION_COMPLETED,61,4
45,129000.0,129000.0,36,M,1982-12-13,พนักงานบริษัท,23000.0,CAR,HONDA,CIVIC,2005,AY,171500,S1,2022-08-25,S1,PL,APPLICATION_COMPLETED,41,18
46,22200.0,22200.0,18,M,1982-08-13,พนักงานบริษัท,18000.0,MC,HONDA,CLICK 125I,2016,AV,29500,S1,2022-12-21,S1,PL,APPLICATION_COMPLETED,41,7
47,100000.0,93141.81,36,M,1980-01-12,STREET VENDOR,35000.0,CAR,TOYOTA,CAMRY,2004,AJ,184500,S1,2022-11-17,S1,PL,APPLICATION_COMPLETED,43,19
48,19500.0,19464.97,18,F,1975-02-16,พนักงานบริษัท,18000.0,MC,HONDA,CLICK 125I,2014,AO,26000,S1,2022-09-22,S1,PL,APPLICATION_COMPLETED,48,9
50,33000.0,33000.0,24,F,1968-09-01,อื่นๆ,10000.0,MC,HONDA,WAVE 110 I,2021,DM,44000,S1,2022-12-20,S1,PL,APPLICATION_COMPLETED,55,2
51,295000.0,295000.0,60,M,1991-05-16,อื่นๆ,17000.0,PU,TOYOTA,HILUX VIGO,2014,BS,368000,S1,2022-09-01,S1,PL,APPLICATION_COMPLETED,32,9
52,250000.0,247049.13,54,F,1977-02-01,เกษตรกร,20800.0,PU,ISUZU,D-MAX,2015,BN,434000,S1,2022-12-09,S1,PL,APPLICATION_COMPLETED,46,8
53,36000.0,36000.0,18,M,1987-12-05,พนักงานบริษัท,13000.0,MC,YAMAHA,MT 15,2018,BO,49000,S1,2022-11-18,S1,PL,APPLICATION_COMPLETED,36,5
55,16500.0,15309.15,36,M,1970-01-23,อื่นๆ,15000.0,MC,HONDA,WAVE 110 I,2012,AX,22000,S1,2022-07-12,S1,PL,APPLICATION_COMPLETED,53,11
56,36500.0,36333.29,36,F,1973-12-29,STREET VENDOR,15000.0,MC,HONDA,CB 150,2018,AI,48500,S1,2022-08-26,S1,PL,APPLICATION_COMPLETED,50,5
57,25000.0,22976.08,12,F,1966-03-09,เกษตรกร,25000.0,MC,HONDA,SUPER CUB 110,2019,DA,38000,S1,2022-11-21,S1,PL,APPLICATION_COMPLETED,57,4
58,20000.0,16821.56,12,F,1983-11-23,อื่นๆ,10000.0,MC,HONDA,WAVE 125 I,2019,DR,38900,S1,2022-11-03,S1,PL,APPLICATION_COMPLETED,40,4
59,17700.0,16851.96,36,M,1979-04-26,อื่นๆ,15000.0,MC,YAMAHA,FINO (MLEKE),2010,AL,23500,S1,2022-11-04,S1,PL,APPLICATION_COMPLETED,44,13
60,136000.0,136000.0,60,M,1970-12-08,STREET VENDOR,30000.0,CAR,NISSAN,XTRAIL,2007,AR,210500,S1,2022-10-31,S1,PL,APPLICATION_COMPLETED,53,16
61,10000.0,7812.6,12,F,1996-08-20,พนักงานบริษัท,12000.0,MC,HONDA,SCOOPY I,2013,BH,19000,S1,2022-06-21,S1,PL,APPLICATION_COMPLETED,27,10
62,40000.0,37625.02,18,M,1992-12-19,พนักงานบริษัท,18000.0,MC,HONDA,CLICK 150I,2021,AW,53500,S1,2022-10-30,S1,PL,APPLICATION_COMPLETED,31,2
63,40000.0,39966.31,36,F,1981-01-10,พนักงานบริษัท,25000.0,MC,HONDA,DREAM 110I,2017,CO,53000,S1,2022-09-07,S1,PL,APPLICATION_COMPLETED,42,6
64,230000.0,218967.62,36,M,1988-06-05,อื่นๆ,25000.0,PU,TOYOTA,HILUX VIGO,2011,ER,286000,S1,2022-09-05,S1,PL,APPLICATION_COMPLETED,35,12
65,16300.0,16277.94,12,M,1961-10-02,อื่นๆ,10000.0,CAR,TOYOTA,COROLA,1996,CV,85000,S1,2022-09-13,S1,PL,APPLICATION_COMPLETED,62,27
66,90000.0,90000.0,60,F,1963-09-20,STREET VENDOR,20000.0,PU,TOYOTA,HILUX TIGER,2000,KU,152500,S1,2022-08-29,S1,PL,APPLICATION_COMPLETED,60,23
67,8000.0,7928.7,12,F,1998-05-19,อื่นๆ,9500.0,MC,HONDA,WAVE 100,2007,AI,20000,S1,2022-07-07,S1,PL,APPLICATION_COMPLETED,25,16
69,27000.0,26326.04,36,M,1988-05-25,พนักงานบริษัท,16000.0,MC,HONDA,DREAM 110,2016,CB,45000,S1,2022-07-06,S1,PL,APPLICATION_COMPLETED,35,7
71,15000.0,15000.0,24,F,1981-10-28,อื่นๆ,7000.0,MC,HONDA,SCOOPY I,2009,AQ,22000,S1,2022-12-27,S1,PL,APPLICATION_COMPLETED,42,14
73,46000.0,44974.06,36,M,1999-09-09,เกษตรกร,15000.0,MC,HONDA,PCX 150,2018,DD,64500,S1,2022-09-27,S1,PL,APPLICATION_COMPLETED,24,5
74,25000.0,25000.0,12,M,1973-10-27,อื่นๆ,12000.0,MC,HONDA,WAVE 110 I,2019,DU,44000,S1,2022-12-12,S1,PL,APPLICATION_COMPLETED,50,4
75,30000.0,28799.0,24,F,1992-07-31,พนักงานบริษัท,15000.0,PU,TOYOTA,HILUX VIGO,2010,CL,187500,S1,2022-11-23,S1,PL,APPLICATION_COMPLETED,31,13
76,270000.0,267994.9,60,F,1962-02-27,อื่นๆ,32000.0,PU,TOYOTA,HILUX VIGO,2014,BS,368000,S1,2022-09-23,S1,PL,APPLICATION_COMPLETED,61,9
77,20000.0,17293.66,12,F,1967-05-02,เกษตรกร,7000.0,MC,HONDA,WAVE 110 I,2019,DU,44000,S1,2022-09-19,S1,PL,APPLICATION_COMPLETED,56,4
78,165000.0,164295.29,60,M,1983-09-23,ข้าราชการ,20540.0,PU,TOYOTA,HILUX VIGO,2006,CI,237000,S1,2022-10-07,S1,PL,APPLICATION_COMPLETED,40,17
79,31000.0,29735.91,36,F,1973-05-28,อื่นๆ,8320.0,MC,HONDA,WAVE 110 I,2018,DG,42000,S1,2022-09-01,S1,PL,APPLICATION_COMPLETED,50,5
81,26000.0,24986.66,30,M,1965-09-09,อื่นๆ,10000.0,MC,HONDA,WAVE 110 I,2016,CL,40000,S1,2022-09-26,S1,PL,APPLICATION_COMPLETED,58,7
82,150000.0,148551.04,60,M,1973-09-28,อื่นๆ,30000.0,PU,MAZDA,BT-50,2009,BR,267000,S1,2022-08-26,S1,PL,APPLICATION_COMPLETED,50,14
83,30000.0,28782.28,30,F,1970-11-22,พนักงานบริษัท,12000.0,MC,HONDA,WAVE 110 I,2018,DG,42000,S1,2022-12-18,S1,PL,APPLICATION_COMPLETED,53,5
84,20000.0,20000.0,12,M,1970-04-07,STREET VENDOR,10000.0,PU,ISUZU,D-MAX,2011,CB,351500,S1,2022-12-26,S1,PL,APPLICATION_COMPLETED,53,12
85,88000.0,87438.45,60,M,1994-07-16,พนักงานบริษัท,16000.0,CAR,HONDA,CIVIC,2002,CE,137500,S1,2022-11-18,S1,PL,APPLICATION_COMPLETED,29,21
86,40000.0,27707.63,12,F,1989-04-02,อื่นๆ,9000.0,MC,HONDA,PCX 160,2022,BT,84000,S1,2022-09-01,S1,PL,APPLICATION_COMPLETED,34,1
87,180000.0,177837.87,60,M,1981-11-11,เกษตรกร,30000.0,CAR,HONDA,CITY,2010,AS,251500,S1,2022-12-06,S1,PL,APPLICATION_COMPLETED,42,13
88,105000.0,102234.04,48,F,1984-03-07,พนักงานบริษัท,10050.0,CAR,HONDA,JAZZ,2004,AI,140000,S1,2022-10-19,S1,PL,APPLICATION_COMPLETED,39,19
89,30000.0,22955.87,24,M,1963-01-26,อื่นๆ,15000.0,CAR,HONDA,CR-V,1998,BF,105500,S1,2022-07-27,S1,PL,APPLICATION_COMPLETED,60,25
91,40000.0,40000.0,24,F,1971-02-25,ข้าราชการ,7000.0,MC,YAMAHA,M-SLAZ 150,2016,AR,37000,S1,2022-11-17,S1,PL,APPLICATION_COMPLETED,52,7
92,18800.0,18800.0,24,F,1970-08-08,อื่นๆ,12000.0,MC,SUZUKI,SMASH 115,2015,AS,29000,S1,2022-12-24,S1,PL,APPLICATION_COMPLETED,53,8
93,193000.0,193000.0,60,F,1994-01-02,STREET VENDOR,15000.0,CAR,SUZUKI,CIAZ,2016,AH,275500,S1,2022-11-17,S1,PL,APPLICATION_COMPLETED,29,7
94,35000.0,31860.09,18,M,1971-03-27,พนักงานบริษัท,30000.0,MC,HONDA,CLICK 150I,2018,BE,47000,S1,2022-10-18,S1,PL,APPLICATION_COMPLETED,52,5
95,50000.0,48153.24,24,M,1979-04-07,พนักงานบริษัท,20000.0,PU,TOYOTA,HILUX VIGO,2007,CV,245000,S1,2022-12-01,S1,PL,APPLICATION_COMPLETED,44,16
96,31500.0,31469.43,36,F,1977-08-22,STREET VENDOR,15000.0,MC,HONDA,WAVE 110 I,2019,DO,42000,S1,2022-08-04,S1,PL,APPLICATION_COMPLETED,46,4
98,220000.0,218709.73,60,M,1974-01-02,เกษตรกร,20000.0,PU,ISUZU,D-MAX,2014,CR,531000,S1,2022-08-26,S1,PL,APPLICATION_COMPLETED,49,9
100,154000.0,153992.84,36,F,1971-07-21,อื่นๆ,30000.0,PU,ISUZU,D-MAX,2003,AO,191500,S1,2022-08-29,S1,PL,APPLICATION_COMPLETED,52,20
102,200000.0,200000.0,60,F,1972-12-21,ข้าราชการ,36000.0,PU,ISUZU,D-MAX,2007,CO,309500,S1,2022-12-27,S1,PL,APPLICATION_COMPLETED,51,16
103,20000.0,18482.01,24,M,1998-02-09,อื่นๆ,15000.0,MC,YAMAHA,QBIX 125 S,2018,BX,36500,S1,2022-11-15,S1,PL,APPLICATION_COMPLETED,25,5
104,135500.0,135500.0,48,F,1959-11-01,STREET VENDOR,15000.0,CAR,NISSAN,MARCH,2017,AK,208500,S1,2022-11-03,S1,PL,APPLICATION_COMPLETED,64,6
105,39700.0,39700.0,36,M,1989-12-19,อื่นๆ,15000.0,MC,HONDA,DREAM 110I,2017,CO,53000,S1,2022-12-31,S1,PL,APPLICATION_COMPLETED,34,6
106,18000.0,17695.93,36,F,1975-07-03,STREET VENDOR,9000.0,MC,HONDA,SCOOPY I,2013,BG,24000,S1,2022-07-27,S1,PL,APPLICATION_COMPLETED,48,10
107,80000.0,78882.2,48,F,1987-06-30,พนักงานบริษัท,15000.0,CAR,HONDA,CITY,2003,AI,118500,S1,2022-11-08,S1,PL,APPLICATION_COMPLETED,36,20
108,130000.0,130000.0,60,M,1966-09-30,เกษตรกร,15000.0,PU,MITSUBISHI,TRITON,2007,BF,205000,S1,2022-11-15,S1,PL,APPLICATION_COMPLETED,57,16
109,8000.0,7759.89,18,F,1980-08-26,อาจารย์,20280.0,MC,HONDA,CLICK 110,2008,AB,14000,S1,2022-10-15,S1,PL,APPLICATION_COMPLETED,43,15
110,31500.0,31495.35,36,M,1978-11-03,อื่นๆ,20000.0,MC,HONDA,CLICK 125I,2019,BD,42000,S1,2022-08-09,S1,PL,APPLICATION_COMPLETED,45,4
111,33000.0,32926.1,24,M,1975-12-15,พนักงานบริษัท,20000.0,MC,YAMAHA,AEROX 155,2018,AB,44000,S1,2022-11-21,S1,PL,APPLICATION_COMPLETED,48,5
112,24000.0,24000.0,36,M,1988-11-01,อื่นๆ,20000.0,MC,HONDA,WAVE 125 I,2017,CP,32500,S1,2022-12-06,S1,PL,APPLICATION_COMPLETED,35,6
114,40000.0,37930.36,24,F,2001-07-19,เกษตรกร,20000.0,MC,KAWASAKI,ER6N 650,2012,AF,81000,S1,2022-09-09,S1,PL,APPLICATION_COMPLETED,22,11
116,33000.0,32964.99,30,M,1980-05-29,อื่นๆ,24000.0,MC,HONDA,WAVE 110 I,2020,EI,45000,S1,2022-08-27,S1,PL,APPLICATION_COMPLETED,43,3
117,15000.0,14828.28,24,M,1992-09-01,พนักงานบริษัท,15000.0,MC,HONDA,SCOOPY I,2009,BA,20500,S1,2022-09-10,S1,PL,APPLICATION_COMPLETED,31,14
118,28500.0,27192.47,24,F,1964-09-19,อื่นๆ,13000.0,MC,HONDA,WAVE 110 I,2012,BF,38000,S1,2022-12-13,S1,PL,APPLICATION_COMPLETED,59,11
119,198000.0,197944.65,60,F,1980-06-13,อื่นๆ,17000.0,CAR,TOYOTA,COROLLA ALTIS,2012,ER,305000,S1,2022-07-26,S1,PL,APPLICATION_COMPLETED,43,11
120,30000.0,28513.43,36,F,1973-12-25,เกษตรกร,20000.0,MC,HONDA,WAVE 110 I,2018,DE,41000,S1,2022-09-12,S1,PL,APPLICATION_COMPLETED,50,5
121,170000.0,170000.0,48,M,1986-04-22,อื่นๆ,15000.0,PU,MITSUBISHI,TRITON,2013,AY,346000,S1,2022-12-03,S1,PL,APPLICATION_COMPLETED,37,10
122,81000.0,81000.0,60,M,1976-11-29,STREET VENDOR,20000.0,CAR,HONDA,CITY,2003,AC,108500,S1,2022-09-06,S1,PL,APPLICATION_COMPLETED,47,20
124,186200.0,186200.0,60,M,1979-12-06,พนักงานรัฐวิสาหกิจ,22500.0,PU,NISSAN,NP300,2014,CP,286500,S1,2022-09-16,S1,PL,APPLICATION_COMPLETED,44,9
125,20000.0,18860.27,24,M,1981-07-07,พนักงานบริษัท,16500.0,MC,HONDA,WAVE 110 I,2019,DU,44000,S1,2022-09-23,S1,PL,APPLICATION_COMPLETED,42,4
126,7600.0,4757.49,12,F,1970-08-03,เกษตรกร,15000.0,MC,HONDA,WAVE 125,2006,AL,25500,S1,2022-06-29,S1,PL,APPLICATION_COMPLETED,53,17
127,155000.0,154961.5,60,M,1976-09-18,พนักงานบริษัท,20000.0,PU,ISUZU,D-MAX,2003,AI,190500,S1,2022-09-02,S1,PL,APPLICATION_COMPLETED,47,20
128,100000.0,100000.0,48,F,1962-12-22,STREET VENDOR,12000.0,CAR,HONDA,JAZZ,2004,AI,140000,S1,2022-10-15,S1,PL,APPLICATION_COMPLETED,61,19
130,20000.0,20000.0,36,F,1984-04-08,STREET VENDOR,15000.0,MC,YAMAHA,GRAND FILANO 125,2018,AS,38500,S1,2022-12-29,S1,PL,APPLICATION_COMPLETED,39,5
131,28500.0,28500.0,36,F,1990-03-08,พนักงานรัฐวิสาหกิจ,18000.0,MC,HONDA,SCOOPY I,2020,DB,38000,S1,2022-12-27,S1,PL,APPLICATION_COMPLETED,33,3
132,30000.0,29235.2,24,M,1970-01-22,เกษตรกร,10000.0,MC,HONDA,WAVE 110 I,2017,CT,41000,S1,2022-10-26,S1,PL,APPLICATION_COMPLETED,53,6
133,21500.0,20673.48,36,F,1972-03-24,อื่นๆ,15000.0,MC,HONDA,WAVE 125 X,2007,AX,29000,S1,2022-09-21,S1,PL,APPLICATION_COMPLETED,51,16
134,110000.0,110000.0,60,F,1971-05-28,STREET VENDOR,13000.0,CAR,MITSUBISHI,MIRAGE,2012,BF,180000,S1,2022-12-14,S1,PL,APPLICATION_COMPLETED,52,11
135,29800.0,29800.0,36,F,1970-03-18,อื่นๆ,9000.0,MC,HONDA,MSX 125,2019,BY,39500,S1,2022-12-26,S1,PL,APPLICATION_COMPLETED,53,4
136,26000.0,25019.36,36,F,1982-06-25,พนักงานบริษัท,21000.0,MC,HONDA,WAVE 110 I,2014,CH,35000,S1,2022-10-21,S1,PL,APPLICATION_COMPLETED,41,9
137,26000.0,26000.0,24,M,1990-06-03,อื่นๆ,15000.0,MC,HONDA,WAVE 110 I,2013,BW,35000,S1,2022-12-07,S1,PL,APPLICATION_COMPLETED,33,10
138,9000.0,9000.0,12,F,1979-05-25,พนักงานบริษัท,12000.0,MC,YAMAHA,MIO 125,2010,AE,12500,S1,2022-12-28,S1,PL,APPLICATION_COMPLETED,44,13
139,28500.0,28500.0,36,F,1990-03-08,พนักงานรัฐวิสาหกิจ,18000.0,MC,HONDA,SCOOPY I,2020,DB,38000,S1,2022-12-27,S1,PL,APPLICATION_COMPLETED,33,3
140,190000.0,189434.5,60,M,1981-11-04,อื่นๆ,20210.0,CAR,TOYOTA,VIOS,2013,DV,253500,S1,2022-10-05,S1,PL,APPLICATION_COMPLETED,42,10
141,144600.0,141170.39,48,M,1985-06-19,พนักงานบริษัท,20000.0,CAR,NISSAN,ALMERA,2013,BL,222500,S1,2022-08-03,S1,PL,APPLICATION_COMPLETED,38,10
142,29000.0,27357.37,30,F,1974-10-10,STREET VENDOR,15000.0,MC,HONDA,SCOOPY I,2019,CK,38500,S1,2022-11-03,S1,PL,APPLICATION_COMPLETED,49,4
143,40000.0,36527.24,36,F,2000-12-09,พนักงานบริษัท,15000.0,MC,HONDA,PCX 150,2018,DD,64500,S1,2022-07-16,S1,PL,APPLICATION_COMPLETED,23,5
145,31500.0,31500.0,36,F,1997-03-29,พนักงานบริษัท,7000.0,MC,HONDA,CLICK 125I,2019,BD,42000,S1,2022-12-24,S1,PL,APPLICATION_COMPLETED,26,4
146,33000.0,33000.0,24,M,1989-12-01,เกษตรกร,30000.0,MC,HONDA,WAVE 110 I,2020,EG,44000,S1,2022-12-22,S1,PL,APPLICATION_COMPLETED,34,3
147,100000.0,98190.75,24,F,1985-06-17,บุคลากรทางการแพทย์,20000.0,CAR,HONDA,JAZZ,2011,BI,288000,S1,2022-11-02,S1,PL,APPLICATION_COMPLETED,38,12
148,57000.0,57000.0,36,F,1996-12-03,อื่นๆ,9880.0,MC,HONDA,PCX 150,2020,ED,76500,S1,2022-12-07,S1,PL,APPLICATION_COMPLETED,27,3
149,30000.0,28167.07,12,M,1977-05-11,เกษตรกร,15000.0,PU,ISUZU,D-MAX,2018,AK,462000,S1,2022-10-12,S1,PL,APPLICATION_COMPLETED,46,5
150,150000.0,149980.13,60,F,1993-10-15,อาจารย์,22230.0,CAR,SUZUKI,SWIFT,2013,AD,265500,S1,2022-09-17,S1,PL,APPLICATION_COMPLETED,30,10
151,187000.0,187000.0,36,M,1968-12-27,พนักงานบริษัท,16000.0,CAR,TOYOTA,CAMRY,2008,AB,289000,S1,2022-12-13,S1,PL,APPLICATION_COMPLETED,55,15
152,150000.0,150000.0,48,M,1980-10-28,พนักงานบริษัท,20000.0,CAR,SUZUKI,SWIFT,2015,AH,236000,S1,2022-12-24,S1,PL,APPLICATION_COMPLETED,43,8
153,16000.0,16000.0,12,M,1983-08-09,อื่นๆ,25000.0,MC,HONDA,CLICK 125I,2011,AZ,22000,S1,2022-09-23,S1,PL,APPLICATION_COMPLETED,40,12
154,199000.0,199000.0,60,F,1972-06-12,อื่นๆ,15000.0,CAR,MAZDA,2,2014,AH,283000,S1,2022-12-14,S1,PL,APPLICATION_COMPLETED,51,9
156,30000.0,23223.5,12,M,1979-01-01,อื่นๆ,12000.0,MC,HONDA,WAVE 110 I,2021,DM,44000,S1,2022-09-19,S1,PL,APPLICATION_COMPLETED,44,2
157,29400.0,28747.36,36,M,1960-04-04,เกษตรกร,15000.0,MC,HONDA,PCX 150,2012,BU,39000,S1,2022-09-13,S1,PL,APPLICATION_COMPLETED,63,11
158,20000.0,18576.18,24,F,1974-12-31,เกษตรกร,10000.0,MC,HONDA,WAVE 110 I,2014,CH,35000,S1,2022-10-27,S1,PL,APPLICATION_COMPLETED,49,9
159,17900.0,16830.06,24,F,1990-02-06,พนักงานบริษัท,9000.0,MC,HONDA,SCOOPY I,2013,BG,24000,S1,2022-06-21,S1,PL,APPLICATION_COMPLETED,33,10
161,34700.0,33810.8,36,F,1965-12-15,เกษตรกร,10000.0,MC,HONDA,WAVE 110 I,2021,DQ,46000,S1,2022-09-30,S1,PL,APPLICATION_COMPLETED,58,2
162,117000.0,117000.0,60,F,1969-02-24,พนักงานบริษัท,9000.0,CAR,TOYOTA,VIOS,2006,AL,155500,S1,2022-10-15,S1,PL,APPLICATION_COMPLETED,54,17
163,15000.0,13937.65,30,M,1974-06-04,STREET VENDOR,15000.0,MC,HONDA,WAVE 110 I,2010,AJ,20000,S1,2022-08-11,S1,PL,APPLICATION_COMPLETED,49,13
165,255000.0,255000.0,60,M,1980-10-23,เกษตรกร,20000.0,PU,TOYOTA,HILUX VIGO,2012,FK,364000,S1,2022-12-28,S1,PL,APPLICATION_COMPLETED,43,11
166,33000.0,32950.31,24,F,1985-11-01,อื่นๆ,14000.0,MC,HONDA,WAVE 110 I,2019,DU,44000,S1,2022-10-12,S1,PL,APPLICATION_COMPLETED,38,4
167,24000.0,22909.12,18,F,1997-08-13,STREET VENDOR,20000.0,MC,HONDA,SCOOPY I,2018,BZ,33000,S1,2022-11-18,S1,PL,APPLICATION_COMPLETED,26,5
168,22000.0,20348.67,36,F,1977-05-31,พนักงานรัฐวิสาหกิจ,25000.0,CAR,TOYOTA,VIOS,2011,BE,237500,S1,2022-11-08,S2,PL,APPLICATION_COMPLETED,46,12
169,222000.0,221944.36,60,F,1978-10-06,พนักงานบริษัท,25000.0,PU,ISUZU,D-MAX,2007,CI,276000,S1,2022-09-23,S1,PL,APPLICATION_COMPLETED,45,16
171,33000.0,32162.82,36,F,1973-07-20,พนักงานบริษัท,15000.0,MC,HONDA,WAVE 110 I,2020,EG,44000,S1,2022-12-07,S1,PL,APPLICATION_COMPLETED,50,3
172,310000.0,306255.22,60,M,1988-07-01,พนักงานบริษัท,33224.0,PU,MITSUBISHI,TRITON,2017,BD,452000,S1,2022-12-08,S1,PL,APPLICATION_COMPLETED,35,6
174,28000.0,27725.33,36,F,1970-01-10,เกษตรกร,30000.0,PU,TOYOTA,HILUX VIGO,2006,CI,237000,S1,2022-11-15,S1,PL,APPLICATION_COMPLETED,53,17
175,14000.0,13912.0,36,F,1992-11-29,พนักงานบริษัท,14000.0,MC,HONDA,WAVE 110 I,2009,AF,19000,S1,2022-08-20,S1,PL,APPLICATION_COMPLETED,31,14
176,180000.0,177060.86,60,F,1978-04-10,STREET VENDOR,32000.0,CAR,TOYOTA,VIOS,2012,BF,277500,S1,2022-10-10,S1,PL,APPLICATION_COMPLETED,45,11
177,29000.0,28555.29,24,F,1993-08-19,พนักงานบริษัท,20000.0,MC,HONDA,MSX 125,2019,BY,39500,S1,2022-11-29,S1,PL,APPLICATION_COMPLETED,30,4
179,44200.0,44200.0,36,M,1991-03-19,พนักงานบริษัท,13000.0,CAR,HONDA,ACCORD,2000,DN,147500,S1,2022-12-16,S1,PL,APPLICATION_COMPLETED,32,23
180,20000.0,19975.21,18,M,1983-09-14,อื่นๆ,10000.0,MC,HONDA,WAVE 125,2008,AP,27900,S1,2022-08-18,S1,PL,APPLICATION_COMPLETED,40,15
183,278000.0,277505.35,60,M,1982-10-06,พนักงานบริษัท,18000.0,PU,TOYOTA,HILUX VIGO,2014,BP,347500,S1,2022-07-11,S1,PL,APPLICATION_COMPLETED,41,9
184,40000.0,40000.0,12,F,1996-02-15,STREET VENDOR,30000.0,MC,HONDA,CLICK 160,2022,CP,57100,S1,2022-11-15,S1,PL,APPLICATION_COMPLETED,27,1
187,140000.0,139982.58,60,F,1990-03-17,พนักงานบริษัท,20000.0,CAR,MITSUBISHI,ATTRAGE,2013,BP,215500,S1,2022-10-11,S1,PL,APPLICATION_COMPLETED,33,10
188,140000.0,140000.0,60,M,1969-05-10,อื่นๆ,30000.0,PU,ISUZU,D-MAX,2005,CK,201500,S1,2022-09-12,S1,PL,APPLICATION_COMPLETED,54,18
189,15000.0,14595.03,24,M,2000-12-01,STREET VENDOR,10000.0,MC,HONDA,WAVE 110 I,2018,DI,43000,S1,2022-11-10,S1,PL,APPLICATION_COMPLETED,23,5
190,33000.0,31539.49,36,F,1997-12-13,พนักงานบริษัท,13000.0,MC,HONDA,WAVE 110 I,2019,DU,44000,S1,2022-08-22,S1,PL,APPLICATION_COMPLETED,26,4
191,45000.0,44140.05,36,M,1988-02-05,อื่นๆ,30000.0,PU,FORD,RANGER,2005,AR,149000,S1,2022-09-16,S1,PL,APPLICATION_COMPLETED,35,18
192,30000.0,29516.2,24,F,1982-11-09,STREET VENDOR,14000.0,MC,HONDA,WAVE 110 I,2017,CT,41000,S1,2022-11-01,S1,PL,APPLICATION_COMPLETED,41,6
193,100000.0,96387.54,36,F,1986-09-08,STREET VENDOR,30000.0,CAR,TOYOTA,YARIS,2020,FL,441000,S1,2022-12-29,S1,PL,APPLICATION_COMPLETED,37,3
194,250000.0,249102.22,60,F,1984-12-16,พนักงานบริษัท,22800.0,CAR,TOYOTA,VIOS,2014,DK,340500,S1,2022-10-03,S1,PL,APPLICATION_COMPLETED,39,9
195,39000.0,36285.1,18,F,1981-04-20,พนักงานบริษัท,18000.0,MC,HONDA,PCX 150,2015,CF,52000,S1,2022-08-09,S1,PL,APPLICATION_COMPLETED,42,8
196,33200.0,33200.0,36,F,1998-11-14,พนักงานบริษัท,12000.0,MC,HONDA,SCOOPY PRESTIGE,2021,BY,44000,S1,2022-12-19,S1,PL,APPLICATION_COMPLETED,25,2
198,210000.0,210000.0,60,F,1993-01-05,พนักงานบริษัท,12000.0,PU,TOYOTA,HILUX VIGO,2012,EG,325000,S1,2022-10-27,S1,PL,APPLICATION_COMPLETED,30,11
199,15000.0,14600.38,36,F,1961-02-05,อื่นๆ,10000.0,MC,HONDA,WAVE 100,2007,AI,20000,S1,2022-11-17,S1,PL,APPLICATION_COMPLETED,62,16
200,180000.0,180000.0,60,F,1965-06-29,STREET VENDOR,17000.0,PU,TOYOTA,HILUX VIGO,2008,EL,234000,S1,2022-12-26,S1,PL,APPLICATION_COMPLETED,58,15
201,239200.0,238129.37,60,F,1990-08-28,พนักงานบริษัท,30000.0,CAR,TOYOTA,VIOS,2015,DL,319000,S1,2022-08-05,S1,PL,APPLICATION_COMPLETED,33,8
202,100000.0,94512.36,24,M,1967-01-05,อื่นๆ,15000.0,PU,TOYOTA,HILUX TIGER,2004,BT,193000,S1,2022-10-11,S1,PL,APPLICATION_COMPLETED,56,19
203,135000.0,135000.0,36,F,1957-01-01,เกษตรกร,20000.0,PU,TOYOTA,HILUX TIGER,2002,DH,169000,S1,2022-12-19,S1,PL,APPLICATION_COMPLETED,66,21
204,7000.0,7000.0,12,M,1981-03-27,อื่นๆ,10000.0,MC,RYUKA,CRUISER,2018,AD,23300,S1,2022-11-29,S1,PL,APPLICATION_COMPLETED,42,5
205,21000.0,20276.92,36,F,1990-06-22,STREET VENDOR,15000.0,MC,HONDA,SCOOPY I,2018,CE,28000,S1,2022-09-21,S1,PL,APPLICATION_COMPLETED,33,5
206,205000.0,205000.0,60,M,1966-05-28,พนักงานบริษัท,15000.0,CAR,NISSAN,MARCH,2018,AV,291500,S1,2022-10-07,S1,PL,APPLICATION_COMPLETED,57,5
208,150000.0,146231.29,60,M,1974-12-05,ข้าราชการ,35000.0,CAR,HONDA,CIVIC,2007,AU,218500,S1,2022-09-19,S1,PL,APPLICATION_COMPLETED,49,16
209,100000.0,100000.0,36,F,1980-06-11,เลี้ยงสัตว์,30000.0,PU,ISUZU,D-MAX,2007,CV,286000,S1,2022-12-16,S1,PL,APPLICATION_COMPLETED,43,16
210,200000.0,194915.6,30,M,1979-08-03,STREET VENDOR,30000.0,PU,MAZDA,BT-50PRO,2014,BB,328000,S1,2022-08-01,S1,PL,APPLICATION_COMPLETED,44,9
211,34000.0,28625.04,12,M,1991-03-11,ข้าราชการ,12350.0,MC,HONDA,WAVE 110 I,2021,DP,46000,S1,2022-11-02,S1,PL,APPLICATION_COMPLETED,32,2
213,30000.0,30000.0,36,M,1965-07-17,อื่นๆ,15200.0,MC,HONDA,WAVE 110 I,2016,CM,40000,S1,2022-12-21,S1,PL,APPLICATION_COMPLETED,58,7
214,35000.0,33090.15,36,M,1994-07-17,พนักงานบริษัท,15000.0,MC,VESPA,LX 125,2020,AE,69500,S1,2022-09-11,S1,PL,APPLICATION_COMPLETED,29,3
215,195000.0,195000.0,48,F,1982-11-13,พนักงานบริษัท,24400.0,PU,NISSAN,FRONTIER NAVARA,2013,AI,280500,S1,2022-11-03,S1,PL,APPLICATION_COMPLETED,41,10
218,35000.0,35000.0,24,F,1989-06-05,STREET VENDOR,35000.0,MC,HONDA,CLICK 150I,2018,BE,47000,S1,2022-12-27,S1,PL,APPLICATION_COMPLETED,34,5
220,15000.0,14754.55,12,M,1996-04-21,พนักงานบริษัท,15000.0,MC,GPX,LEGEND 200,2017,AG,24000,S1,2022-08-22,S1,PL,APPLICATION_COMPLETED,27,6
222,200000.0,200000.0,60,M,1989-03-02,พนักงานบริษัท,27000.0,PU,MITSUBISHI,TRITON,2011,BG,314500,S1,2022-11-07,S1,PL,APPLICATION_COMPLETED,34,12
223,24000.0,24000.0,36,F,1997-02-16,อื่นๆ,20000.0,MC,HONDA,SCOOPY I,2019,CM,37500,S1,2022-12-24,S1,PL,APPLICATION_COMPLETED,26,4
224,29000.0,29000.0,36,M,1986-04-02,อื่นๆ,10000.0,MC,HONDA,WAVE 110 I,2016,CI,39000,S1,2022-12-30,S1,PL,APPLICATION_COMPLETED,37,7
225,36000.0,36000.0,36,M,1994-03-21,อื่นๆ,12000.0,MC,YAMAHA,AEROX 155,2019,AD,48000,S1,2022-12-29,S1,PL,APPLICATION_COMPLETED,29,4
226,17000.0,16915.71,12,F,1966-01-01,อื่นๆ,12000.0,MC,SUZUKI,LETS 110 (CAST),2019,AV,26500,S1,2022-09-07,S1,PL,APPLICATION_COMPLETED,57,4
227,30000.0,29011.4,18,M,1960-07-04,เกษตรกร,15000.0,MC,HONDA,WAVE 110 I,2017,CR,40000,S1,2022-10-18,S1,PL,APPLICATION_COMPLETED,63,6
228,175000.0,175000.0,54,F,1997-10-24,พนักงานบริษัท,19000.0,PU,ISUZU,D-MAX,2006,AB,250000,S1,2022-12-21,S1,PL,APPLICATION_COMPLETED,26,17
229,50000.0,50000.0,18,F,1999-09-23,พนักงานบริษัท,12000.0,MC,HONDA,PCX 150,2020,ED,76500,S1,2022-12-27,S1,PL,APPLICATION_COMPLETED,24,3
230,35000.0,35000.0,24,F,1966-12-25,STREET VENDOR,15000.0,PU,ISUZU,FASTER Z,1994,AB,67500,S1,2022-12-26,S1,PL,APPLICATION_COMPLETED,57,29
231,35000.0,32427.7,24,F,1984-06-25,STREET VENDOR,13000.0,MC,YAMAHA,GRAND FILANO 125,2018,AT,49000,S1,2022-11-01,S1,PL,APPLICATION_COMPLETED,39,5
232,249000.0,244012.08,48,M,1987-11-23,พนักงานบริษัท,20000.0,PU,ISUZU,MU-7,2011,AD,435500,S1,2022-08-06,S1,PL,APPLICATION_COMPLETED,36,12
233,140000.0,140000.0,60,M,1990-07-23,เลี้ยงสัตว์,30000.0,PU,TOYOTA,HILUX TIGER,2003,BD,179500,S1,2022-12-26,S1,PL,APPLICATION_COMPLETED,33,20
234,29000.0,26831.45,24,M,1967-03-04,อื่นๆ,20000.0,MC,HONDA,CLICK 125I,2018,BA,39000,S1,2022-11-03,S1,PL,APPLICATION_COMPLETED,56,5
235,33000.0,32751.54,36,F,1979-08-27,STREET VENDOR,18000.0,MC,HONDA,WAVE 110 I,2020,EH,45000,S1,2022-09-26,S1,PL,APPLICATION_COMPLETED,44,3
236,40000.0,38317.77,24,F,1956-11-25,อื่นๆ,15000.0,CAR,HONDA,CITY,2003,AC,108500,S1,2022-12-06,S1,PL,APPLICATION_COMPLETED,67,20
237,18000.0,18000.0,12,F,1991-03-24,พนักงานบริษัท,15000.0,MC,HONDA,CLICK 125I,2013,AI,24500,S1,2022-12-29,S1,PL,APPLICATION_COMPLETED,32,10
238,200000.0,200000.0,60,F,1988-04-30,STREET VENDOR,12000.0,CAR,SUZUKI,SWIFT,2013,AD,265500,S1,2022-11-29,S1,PL,APPLICATION_COMPLETED,35,10
239,290000.0,284719.66,48,M,1971-07-06,พนักงานบริษัท,25000.0,PU,ISUZU,D-MAX,2016,CE,464500,S1,2022-08-25,S1,PL,APPLICATION_COMPLETED,52,7
240,12000.0,10690.6,24,M,1988-10-31,พนักงานรัฐวิสาหกิจ,13000.0,MC,HONDA,WAVE 100,2009,AV,24000,S1,2022-10-29,S1,PL,APPLICATION_COMPLETED,35,14
241,26000.0,26000.0,36,F,1993-01-31,STREET VENDOR,13000.0,MC,HONDA,WAVE 110 I,2013,CC,35500,S1,2022-10-17,S1,PL,APPLICATION_COMPLETED,30,10
242,33000.0,32930.2,18,F,1986-11-21,อื่นๆ,10000.0,MC,HONDA,WAVE 110 I,2019,DU,44000,S1,2022-07-15,S1,PL,APPLICATION_COMPLETED,37,4
243,12000.0,11900.44,24,F,1989-07-06,อื่นๆ,18000.0,MC,YAMAHA,FINO (4DO),2008,AA,17000,S1,2022-08-26,S1,PL,APPLICATION_COMPLETED,34,15
246,72000.0,72000.0,60,M,1983-06-12,ข้าราชการ,36000.0,PU,SUZUKI,CARIBIAN,2005,AD,240000,S1,2022-10-29,S1,PL,APPLICATION_COMPLETED,40,18
247,150000.0,150000.0,60,M,1984-05-12,อื่นๆ,12956.0,PU,ISUZU,ADVENTURE,2004,DB,189000,S1,2022-11-05,S1,PL,APPLICATION_COMPLETED,39,19
248,25000.0,20526.43,24,M,1995-02-24,พนักงานบริษัท,12000.0,MC,HONDA,CBR 150,2016,AN,34000,S1,2022-10-19,S1,PL,APPLICATION_COMPLETED,28,7
249,157000.0,157000.0,60,F,1984-12-11,พนักงานบริษัท,14000.0,CAR,TOYOTA,COROLLA ALTIS,2010,EJ,209000,S1,2022-12-15,S1,PL,APPLICATION_COMPLETED,39,13
250,173000.0,173000.0,60,M,1992-03-20,พนักงานบริษัท,30000.0,PU,ISUZU,D-MAX,2005,CE,217000,S1,2022-10-27,S1,PL,APPLICATION_COMPLETED,31,18
251,20000.0,20000.0,18,F,1981-03-20,พนักงานบริษัท,15000.0,MC,HONDA,WAVE 110 I,2019,DU,44000,S1,2022-12-08,S1,PL,APPLICATION_COMPLETED,42,4
252,110000.0,109424.26,60,F,1985-12-27,อาจารย์,25000.0,CAR,TOYOTA,COROLLA ALTIS,2009,DO,245000,S1,2022-09-19,S1,PL,APPLICATION_COMPLETED,38,14
253,29000.0,28713.38,36,M,1977-11-30,STREET VENDOR,25000.0,MC,YAMAHA,FINN 115I,2022,AE,38500,S1,2022-10-10,S1,PL,APPLICATION_COMPLETED,46,1
254,115000.0,113042.2,36,F,1990-05-06,ข้าราชการ,13280.0,CAR,TOYOTA,VIOS,2008,AL,188000,S2,2023-01-06,S1,PL,APPLICATION_COMPLETED,33,15
255,26400.0,26323.37,36,F,2000-07-28,STREET VENDOR,20000.0,MC,HONDA,WAVE 110 I,2012,AZ,35000,S1,2022-10-18,S1,PL,APPLICATION_COMPLETED,23,11
256,14500.0,14308.65,18,F,1985-05-26,อื่นๆ,15000.0,MC,HONDA,ICON,2008,AX,19500,S1,2022-09-23,S1,PL,APPLICATION_COMPLETED,38,15
257,130000.0,130000.0,60,F,1993-12-14,พนักงานบริษัท,20000.0,PU,TOYOTA,HILUX TIGER,2003,BE,190000,S2,2023-01-09,S1,PL,APPLICATION_COMPLETED,30,20
258,140000.0,140000.0,48,M,1990-06-20,อื่นๆ,13000.0,PU,MITSUBISHI,TRITON,2008,AM,199500,S1,2022-09-19,S1,PL,APPLICATION_COMPLETED,33,15
259,27700.0,26903.27,36,M,1997-12-04,พนักงานบริษัท,11000.0,MC,HONDA,WAVE 110 I,2015,CI,37000,S1,2022-09-27,S1,PL,APPLICATION_COMPLETED,26,8
260,33000.0,32929.75,18,M,1974-08-05,เลี้ยงสัตว์,30000.0,MC,HONDA,WAVE 110 I,2021,DM,44000,S2,2023-01-03,S1,PL,APPLICATION_COMPLETED,49,2
263,31000.0,30920.12,36,F,1974-12-05,อื่นๆ,7000.0,MC,HONDA,WAVE 110 I,2018,DG,42000,S2,2023-01-06,S1,PL,APPLICATION_COMPLETED,49,5
266,26000.0,25421.83,24,F,1996-12-18,พนักงานบริษัท,13000.0,MC,HONDA,WAVE 110 I,2013,BW,35000,S1,2022-10-28,S1,PL,APPLICATION_COMPLETED,27,10
267,130000.0,130000.0,108,F,1986-06-12,พนักงานบริษัท,15000.0,PU,TOYOTA,HILUX TIGER,2003,BF,163000,S2,2022-11-09,S2,PL,APPLICATION_COMPLETED,37,20
269,130000.0,130000.0,60,F,1994-10-04,พนักงานบริษัท,15000.0,CAR,HONDA,JAZZ,2006,CO,178000,S2,2023-01-12,S1,PL,APPLICATION_COMPLETED,29,17
270,17000.0,16988.54,36,M,1978-05-01,พนักงานบริษัท,15000.0,MC,YAMAHA,FINO (MLEKE),2010,AL,23500,S1,2022-09-23,S1,PL,APPLICATION_COMPLETED,45,13
271,31700.0,30670.24,36,F,1988-07-28,พนักงานบริษัท,16000.0,MC,HONDA,WAVE 110 I,2017,CV,42000,S2,2023-01-03,S1,PL,APPLICATION_COMPLETED,35,6
272,22000.0,21812.37,36,M,1971-08-16,อื่นๆ,10000.0,MC,YAMAHA,MIO 125I,2015,BR,30000,S1,2022-09-23,S1,PL,APPLICATION_COMPLETED,52,8
273,180000.0,180000.0,60,F,1978-01-17,อื่นๆ,30000.0,CAR,TOYOTA,CAMRY,2006,EF,282500,S2,2023-01-09,S1,PL,APPLICATION_COMPLETED,45,17
274,165000.0,165000.0,60,F,1982-08-30,STREET VENDOR,30000.0,CAR,TOYOTA,VIOS,2010,DX,222000,S2,2023-01-12,S1,PL,APPLICATION_COMPLETED,41,13
276,36000.0,36000.0,36,M,1989-08-23,พนักงานบริษัท,23000.0,MC,HONDA,CLICK 150I,2019,BH,48500,S2,2023-01-06,S1,PL,APPLICATION_COMPLETED,34,4
277,207000.0,207000.0,60,M,1971-01-12,เกษตรกร,20000.0,PU,ISUZU,D-MAX,2007,DC,260000,S2,2023-01-06,S1,PL,APPLICATION_COMPLETED,52,16
279,26000.0,25215.52,36,M,1987-12-07,อื่นๆ,20000.0,MC,HONDA,WAVE 110 I,2012,BC,36000,S1,2022-09-30,S1,PL,APPLICATION_COMPLETED,36,11
280,17000.0,15456.7,24,F,1965-12-27,STREET VENDOR,25000.0,MC,HONDA,SCOOPY I,2012,BT,28000,S1,2022-09-14,S1,PL,APPLICATION_COMPLETED,58,11
281,14000.0,13024.24,24,M,1961-09-17,เกษตรกร,10000.0,MC,HONDA,WAVE 110 I,2009,AF,19000,S1,2022-10-19,S1,PL,APPLICATION_COMPLETED,62,14
283,210000.0,210000.0,60,M,1968-09-26,STREET VENDOR,20000.0,CAR,HONDA,CITY,2013,AB,282500,S2,2022-11-29,S2,PL,APPLICATION_COMPLETED,55,10
284,27000.0,26830.51,36,F,1976-10-30,อื่นๆ,15000.0,MC,HONDA,WAVE 110 I,2012,BC,36000,S1,2022-10-04,S1,PL,APPLICATION_COMPLETED,47,11
285,20000.0,18876.16,24,M,1977-07-25,เกษตรกร,20000.0,MC,HONDA,MSX 125,2016,BF,27000,S2,2023-01-09,S1,PL,APPLICATION_COMPLETED,46,7
288,26600.0,25979.09,36,M,1995-07-30,พนักงานบริษัท,14000.0,MC,HONDA,WAVE 110 I,2013,CC,35500,S1,2022-08-23,S1,PL,APPLICATION_COMPLETED,28,10
289,17200.0,16774.98,36,M,1965-11-08,STREET VENDOR,20000.0,MC,HONDA,SCOOPY I,2012,BT,28000,S2,2023-01-06,S1,PL,APPLICATION_COMPLETED,58,11
292,164000.0,164000.0,60,F,1975-07-24,STREET VENDOR,15000.0,CAR,TOYOTA,VIOS,2013,DV,253500,S1,2022-09-12,S1,PL,APPLICATION_COMPLETED,48,10
293,25000.0,24895.06,36,F,1984-10-15,เกษตรกร,20000.0,MC,HONDA,WAVE 110 I,2012,BF,38000,S2,2023-01-09,S1,PL,APPLICATION_COMPLETED,39,11
294,18000.0,14560.34,18,M,1984-01-27,พนักงานบริษัท,33000.0,MC,HONDA,MSX 125,2016,BG,25000,S1,2023-01-11,S2,PL,APPLICATION_COMPLETED,39,7
295,28000.0,27987.02,30,M,1977-12-31,เกษตรกร,12000.0,MC,HONDA,WAVE 110 I,2016,CM,40000,S1,2023-01-12,S2,PL,APPLICATION_COMPLETED,46,7
296,240000.0,240000.0,60,F,1982-12-11,เกษตรกร,35000.0,PU,ISUZU,D-MAX,2008,AW,311000,S2,2023-01-06,S1,PL,APPLICATION_COMPLETED,41,15
297,26000.0,24606.62,18,M,1960-04-08,STREET VENDOR,15000.0,CAR,HONDA,CITY,2000,DR,87000,S1,2022-08-24,S1,PL,APPLICATION_COMPLETED,63,23
298,10000.0,10000.0,24,M,1984-05-12,พนักงานรัฐวิสาหกิจ,38000.0,MC,YAMAHA,SPARK LX 115,2016,BH,20500,S1,2022-10-17,S1,PL,APPLICATION_COMPLETED,39,7
301,40000.0,36813.3,36,M,1998-03-14,พนักงานบริษัท,20000.0,MC,HONDA,PCX 150,2017,CQ,61500,S1,2022-08-23,S1,PL,APPLICATION_COMPLETED,25,6
303,9000.0,8297.2,18,F,1967-03-19,อื่นๆ,10000.0,MC,YAMAHA,NOUVO 135,2008,AD,12000,S1,2022-09-16,S1,PL,APPLICATION_COMPLETED,56,15
304,30000.0,27453.98,36,M,1975-10-05,STREET VENDOR,25000.0,MC,HONDA,WAVE 110 I,2018,DE,41000,S1,2022-08-22,S1,PL,APPLICATION_COMPLETED,48,5
305,173000.0,173000.0,60,F,1975-12-11,ข้าราชการ,21020.0,PU,ISUZU,D-MAX,2006,CM,247500,S1,2022-10-11,S1,PL,APPLICATION_COMPLETED,48,17
306,23400.0,23073.44,36,F,1962-01-14,เกษตรกร,15000.0,MC,HONDA,DREAM 125,2009,AL,31000,S1,2022-10-07,S1,PL,APPLICATION_COMPLETED,61,14
309,30000.0,29856.81,36,M,2002-02-26,พนักงานบริษัท,10350.0,MC,HONDA,WAVE 110 I,2022,CH,44500,S1,2022-09-21,S1,PL,APPLICATION_COMPLETED,21,1
312,20000.0,19019.94,18,F,1988-03-28,พนักงานบริษัท,9000.0,CAR,TOYOTA,COROLLA,2000,AT,95000,S1,2022-10-17,S1,PL,APPLICATION_COMPLETED,35,23
313,200000.0,195777.4,60,M,1966-02-09,เกษตรกร,20000.0,PU,ISUZU,D-MAX,2011,CD,377000,S1,2022-07-25,S1,PL,APPLICATION_COMPLETED,57,12
314,30000.0,29769.9,24,F,1984-05-06,อื่นๆ,12000.0,MC,HONDA,WAVE 110 I,2019,DS,43000,S2,2023-01-03,S1,PL,APPLICATION_COMPLETED,39,4
317,15000.0,13547.98,18,F,1966-09-15,STREET VENDOR,7000.0,MC,HONDA,WAVE 110 I,2013,BW,35000,S1,2022-10-07,S1,PL,APPLICATION_COMPLETED,57,10
318,27000.0,26101.46,36,F,1977-06-12,STREET VENDOR,30000.0,MC,HONDA,WAVE 110 I,2012,BE,37000,S1,2022-09-30,S1,PL,APPLICATION_COMPLETED,46,11
319,16000.0,16000.0,30,F,1983-07-27,พนักงานบริษัท,17700.0,MC,YAMAHA,FINO (MLEKE),2010,AL,23500,S1,2022-10-24,S1,PL,APPLICATION_COMPLETED,40,13
320,17200.0,17200.0,36,F,1987-02-11,พนักงานบริษัท,20000.0,MC,HONDA,SCOOPY I,2010,AS,23000,S1,2022-11-12,S1,PL,APPLICATION_COMPLETED,36,13
322,18000.0,18000.0,36,M,1997-01-21,อื่นๆ,9400.0,MC,HONDA,WAVE 125,2010,BF,30500,S1,2022-11-24,S1,PL,APPLICATION_COMPLETED,26,13
323,32000.0,30916.75,18,F,1969-04-16,เกษตรกร,13000.0,MC,HONDA,WAVE 110 I,2018,DI,43000,S1,2022-07-20,S1,PL,APPLICATION_COMPLETED,54,5
324,20000.0,19911.4,12,F,1989-06-28,เกษตรกร,20000.0,MC,HONDA,WAVE 110 I,2015,CI,37000,S1,2022-09-26,S1,PL,APPLICATION_COMPLETED,34,8
326,7000.0,6855.31,18,M,1981-05-01,STREET VENDOR,12000.0,MC,HONDA,CLICK 110,2008,AB,14000,S2,2023-01-06,S1,PL,APPLICATION_COMPLETED,42,15
327,9000.0,8656.85,18,F,1997-03-30,อื่นๆ,10000.0,MC,YAMAHA,SPARK NANO,2011,AE,12000,S1,2022-10-27,S1,PL,APPLICATION_COMPLETED,26,12
328,20000.0,19950.58,36,F,1985-11-16,STREET VENDOR,20000.0,MC,HONDA,WAVE 125,2007,AL,26900,S2,2023-01-06,S1,PL,APPLICATION_COMPLETED,38,16
330,17200.0,17200.0,36,F,1987-02-11,พนักงานบริษัท,20000.0,MC,HONDA,SCOOPY I,2010,AS,23000,S1,2022-11-12,S1,PL,APPLICATION_COMPLETED,36,13
331,29000.0,28950.93,24,M,1972-05-31,พนักงานบริษัท,20000.0,MC,HONDA,ZOOMER X 110I,2020,DS,41000,S1,2022-09-14,S1,PL,APPLICATION_COMPLETED,51,3
332,12600.0,11908.79,18,F,1979-01-21,อื่นๆ,12000.0,MC,YAMAHA,FINO 115,2013,AJ,19500,S1,2022-10-19,S1,PL,APPLICATION_COMPLETED,44,10
333,190000.0,187072.93,60,M,1994-05-05,อื่นๆ,16000.0,PU,TOYOTA,HILUX VIGO,2008,BZ,248000,S1,2022-08-01,S1,PL,APPLICATION_COMPLETED,29,15
334,103900.0,102134.64,60,M,1977-03-18,อื่นๆ,12000.0,CAR,FORD,FIESTA,2010,BU,148500,S2,2022-11-22,S2,PL,APPLICATION_COMPLETED,46,13
335,20000.0,19187.74,24,M,1972-12-20,STREET VENDOR,20000.0,MC,HONDA,MOOVE 110I,2014,AZ,27000,S1,2022-08-27,S1,PL,APPLICATION_COMPLETED,51,9
338,25000.0,23655.46,24,F,1969-07-02,ข้าราชการ,25000.0,MC,HONDA,SCOOPY I,2017,CB,26500,S1,2022-09-24,S1,PL,APPLICATION_COMPLETED,54,6
340,250000.0,250000.0,60,M,1972-05-03,STREET VENDOR,30000.0,PU,ISUZU,D-MAX,2011,AZ,371500,S2,2023-01-14,S1,PL,APPLICATION_COMPLETED,51,12
341,32300.0,31717.52,48,F,1964-10-29,อื่นๆ,20000.0,MC,HONDA,WAVE 110 I,2018,DI,43000,S2,2022-11-18,S2,PL,APPLICATION_COMPLETED,59,5
343,15000.0,13864.8,24,F,1991-07-14,STREET VENDOR,30000.0,MC,HONDA,WAVE 110 I,2018,DE,41000,S1,2022-09-22,S1,PL,APPLICATION_COMPLETED,32,5
345,10000.0,9372.28,12,F,1982-09-07,อื่นๆ,11000.0,MC,YAMAHA,FINO (4DO),2009,AA,17000,S1,2022-08-19,S1,PL,APPLICATION_COMPLETED,41,14
346,17000.0,16940.44,12,M,1977-02-02,พนักงานรัฐวิสาหกิจ,15000.0,MC,HONDA,SCOOPY I,2012,BO,23000,S1,2022-08-25,S1,PL,APPLICATION_COMPLETED,46,11
347,100000.0,100000.0,60,M,1983-06-16,ข้าราชการ,27000.0,CAR,TOYOTA,COROLLA ALTIS,2003,BK,139500,S1,2023-01-09,S2,PL,APPLICATION_COMPLETED,40,20
348,24000.0,23408.35,36,F,1994-08-05,อื่นๆ,20000.0,MC,YAMAHA,FINN 115I,2019,AK,32000,S1,2022-07-20,S1,PL,APPLICATION_COMPLETED,29,4
349,130000.0,130000.0,60,F,1993-12-14,พนักงานบริษัท,20000.0,PU,TOYOTA,HILUX TIGER,2003,BE,190000,S2,2023-01-09,S1,PL,APPLICATION_COMPLETED,30,20
350,8000.0,7780.58,12,M,2000-11-02,เกษตรกร,6500.0,MC,HONDA,CLICK 125I,2017,BD,32000,S2,2023-01-03,S1,PL,APPLICATION_COMPLETED,23,6
351,225000.0,222456.12,48,M,1994-05-02,อื่นๆ,19500.0,VAN,TOYOTA,COMMUTER,2010,FA,300000,S1,2022-07-12,S1,PL,APPLICATION_COMPLETED,29,13
352,170000.0,170000.0,60,F,1980-06-22,พนักงานบริษัท,17000.0,PU,ISUZU,D-MAX,2005,BB,213000,S1,2022-09-09,S1,PL,APPLICATION_COMPLETED,43,18
353,28800.0,28733.24,36,F,1986-04-30,พนักงานบริษัท,22000.0,MC,HONDA,SCOOPY I,2019,CK,38500,S1,2022-10-18,S1,PL,APPLICATION_COMPLETED,37,4
354,10000.0,9745.09,36,F,1985-04-04,พนักงานบริษัท,16000.0,MC,HONDA,SONIC,2007,AD,20000,S1,2022-11-21,S1,PL,APPLICATION_COMPLETED,38,16
355,173000.0,173000.0,60,F,1975-12-11,ข้าราชการ,21020.0,PU,ISUZU,D-MAX,2006,CM,247500,S1,2022-10-11,S1,PL,APPLICATION_COMPLETED,48,17
357,27000.0,27000.0,36,F,1980-03-19,STREET VENDOR,25000.0,MC,YAMAHA,M-SLAZ 150,2016,AR,37000,S1,2022-09-20,S1,PL,APPLICATION_COMPLETED,43,7
359,80000.0,80000.0,60,F,1985-06-19,STREET VENDOR,30000.0,CAR,HONDA,CITY,2002,CV,120500,S1,2022-08-25,S1,PL,APPLICATION_COMPLETED,38,21
360,25000.0,23226.99,36,F,1987-03-26,อื่นๆ,10000.0,MC,HONDA,WAVE 110 I,2014,CJ,36000,S1,2022-07-26,S1,PL,APPLICATION_COMPLETED,36,9
363,20000.0,20000.0,12,M,1983-01-29,อื่นๆ,21000.0,MC,HONDA,WAVE 125 I,2019,DR,38900,S1,2022-10-05,S1,PL,APPLICATION_COMPLETED,40,4
365,20000.0,19500.47,36,F,1959-12-14,อื่นๆ,15000.0,MC,HONDA,WAVE 125 I,2021,DK,49000,S1,2022-09-20,S1,PL,APPLICATION_COMPLETED,64,2
366,150000.0,149564.43,60,F,1994-04-18,พนักงานบริษัท,20000.0,PU,ISUZU,D-MAX,2005,AX,200500,S1,2023-01-11,S2,PL,APPLICATION_COMPLETED,29,18
367,25000.0,24761.71,24,F,1981-01-15,STREET VENDOR,20000.0,MC,YAMAHA,GRAND FILANO 125,2018,AU,43500,S1,2022-07-20,S1,PL,APPLICATION_COMPLETED,42,5
368,200000.0,200000.0,60,F,1986-10-04,เกษตรกร,30000.0,PU,TOYOTA,HILUX VIGO,2007,EG,314000,S1,2022-08-17,S1,PL,APPLICATION_COMPLETED,37,16
369,23000.0,21264.94,24,M,1981-01-10,อื่นๆ,12000.0,MC,HONDA,WAVE 110 I,2016,CM,40000,S1,2022-10-25,S1,PL,APPLICATION_COMPLETED,42,7
370,26000.0,26000.0,36,F,1984-11-21,พนักงานบริษัท,24000.0,MC,HONDA,WAVE 125 I,2018,DC,34900,S1,2022-10-29,S1,PL,APPLICATION_COMPLETED,39,5
371,26000.0,25913.83,36,M,1986-09-08,พนักงานบริษัท,23000.0,MC,HONDA,WAVE 110 I,2013,BW,35000,S2,2023-01-09,S1,PL,APPLICATION_COMPLETED,37,10
372,25000.0,22864.94,36,M,1972-03-15,STREET VENDOR,30000.0,MC,HONDA,SCOOPY I,2019,CK,38500,S1,2022-08-21,S1,PL,APPLICATION_COMPLETED,51,4
373,25000.0,24761.71,24,F,1981-01-15,STREET VENDOR,20000.0,MC,YAMAHA,GRAND FILANO 125,2018,AU,43500,S1,2022-07-20,S1,PL,APPLICATION_COMPLETED,42,5
374,31000.0,30528.16,54,F,1986-04-30,อื่นๆ,9000.0,MC,HONDA,WAVE 110 I,2017,CV,42000,S2,2022-11-21,S2,PL,APPLICATION_COMPLETED,37,6
375,30000.0,29856.81,36,M,2002-02-26,พนักงานบริษัท,10350.0,MC,HONDA,WAVE 110 I,2022,CH,44500,S1,2022-09-21,S1,PL,APPLICATION_COMPLETED,21,1
376,21000.0,20471.58,36,M,1984-02-18,พนักงานบริษัท,16000.0,MC,HONDA,MSX 125,2015,BK,28500,S1,2022-09-20,S1,PL,APPLICATION_COMPLETED,39,8
377,110000.0,110000.0,60,M,1968-06-11,อื่นๆ,25000.0,CAR,TOYOTA,CAMRY,2004,DL,203000,S2,2023-01-06,S1,PL,APPLICATION_COMPLETED,55,19
378,19000.0,18949.23,18,M,1995-05-02,พนักงานบริษัท,15000.0,MC,YAMAHA,GT 125,2018,AA,26000,S2,2023-01-03,S1,PL,APPLICATION_COMPLETED,28,5
379,25000.0,24977.62,24,F,1978-09-25,STREET VENDOR,20000.0,MC,HONDA,WAVE 110 I,2016,CK,39000,S1,2022-08-03,S1,PL,APPLICATION_COMPLETED,45,7
380,25000.0,22864.94,36,M,1972-03-15,STREET VENDOR,30000.0,MC,HONDA,SCOOPY I,2019,CK,38500,S1,2022-08-21,S1,PL,APPLICATION_COMPLETED,51,4
381,167000.0,166670.56,60,F,1964-11-23,STREET VENDOR,30000.0,PU,TOYOTA,HILUX TIGER,2004,BX,209000,S2,2023-01-14,S1,PL,APPLICATION_COMPLETED,59,19
383,88000.0,88000.0,48,F,1969-01-01,STREET VENDOR,30000.0,PU,TOYOTA,SPORT RIDER,2000,GJ,176500,S1,2022-09-09,S1,PL,APPLICATION_COMPLETED,54,23
384,30000.0,29967.61,24,M,1974-03-04,STREET VENDOR,15000.0,MC,HONDA,WAVE 110 I,2019,DU,44000,S2,2023-01-06,S1,PL,APPLICATION_COMPLETED,49,4
385,16900.0,16079.69,36,M,1978-03-04,อื่นๆ,22000.0,MC,HONDA,CLICK 125I,2014,AO,26000,S1,2022-07-22,S1,PL,APPLICATION_COMPLETED,45,9
387,200000.0,200000.0,60,F,1998-03-09,STREET VENDOR,25000.0,CAR,TOYOTA,YARIS,2013,FW,279500,S1,2022-09-22,S1,PL,APPLICATION_COMPLETED,25,10
388,18000.0,14903.12,18,M,1976-10-18,อื่นๆ,13000.0,MC,HONDA,WAVE 125,2010,BF,30500,S1,2022-07-21,S1,PL,APPLICATION_COMPLETED,47,13
390,30000.0,29148.42,36,M,1978-08-12,พนักงานบริษัท,17000.0,MC,HONDA,WAVE 110 I,2016,CM,40000,S1,2023-01-07,S2,PL,APPLICATION_COMPLETED,45,7
391,200000.0,200000.0,60,F,1975-03-19,STREET VENDOR,30000.0,PU,ISUZU,D-MAX,2006,CI,264500,S2,2023-01-06,S1,PL,APPLICATION_COMPLETED,48,17
392,130000.0,129471.1,60,F,1990-08-29,STREET VENDOR,20000.0,PU,ISUZU,D-MAX,2004,BA,190500,S1,2023-01-08,S2,PL,APPLICATION_COMPLETED,33,19
393,150000.0,150000.0,60,F,1985-07-18,STREET VENDOR,35000.0,CAR,TOYOTA,YARIS,2008,AV,200000,S1,2022-08-31,S1,PL,APPLICATION_COMPLETED,38,15
395,20000.0,20000.0,12,M,1983-01-29,อื่นๆ,21000.0,MC,HONDA,WAVE 125 I,2019,DR,38900,S1,2022-10-05,S1,PL,APPLICATION_COMPLETED,40,4
396,29000.0,28813.52,36,F,1995-03-26,STREET VENDOR,9000.0,MC,HONDA,WAVE 110 I,2016,CK,39000,S1,2022-10-19,S1,PL,APPLICATION_COMPLETED,28,7
398,32000.0,30004.62,24,F,1989-01-18,พนักงานบริษัท,20000.0,MC,HONDA,WAVE 110 I,2018,DI,43000,S2,2023-01-03,S1,PL,APPLICATION_COMPLETED,34,5
399,165000.0,165000.0,60,F,1980-10-04,บุคลากรทางการแพทย์,32000.0,CAR,TOYOTA,VIOS,2011,BB,222500,S1,2023-01-07,S2,PL,APPLICATION_COMPLETED,43,12
400,6900.0,6337.65,24,F,1986-01-09,อื่นๆ,18000.0,MC,HONDA,WAVE 125,2005,AE,23000,S2,2022-10-30,S2,PL,APPLICATION_COMPLETED,37,18
401,29000.0,28813.52,36,F,1995-03-26,STREET VENDOR,9000.0,MC,HONDA,WAVE 110 I,2016,CK,39000,S1,2022-10-19,S1,PL,APPLICATION_COMPLETED,28,7
402,31000.0,29666.82,36,M,2000-01-22,STREET VENDOR,9000.06,MC,HONDA,WAVE 110 I,2018,DG,42000,S1,2022-08-22,S1,PL,APPLICATION_COMPLETED,23,5
403,13000.0,12805.69,18,M,1978-03-16,เกษตรกร,15000.0,CAR,TOYOTA,VIOS,2013,DU,290000,S2,2023-01-09,S1,PL,APPLICATION_COMPLETED,45,10
407,30000.0,29270.32,24,F,1999-09-21,อื่นๆ,6500.0,MC,HONDA,WAVE 110 I,2016,CL,40000,S2,2023-01-14,S1,PL,APPLICATION_COMPLETED,24,7
408,28500.0,28037.25,48,M,1971-08-01,ข้าราชการ,24700.0,CAR,NISSAN,SUNNY,2001,AS,95000,S1,2023-01-11,S2,PL,APPLICATION_COMPLETED,52,22
409,15800.0,13623.01,12,F,1978-02-14,พนักงานบริษัท,20000.0,MC,HONDA,SCOOPY I,2010,AS,23000,S1,2022-09-23,S1,PL,APPLICATION_COMPLETED,45,13
411,4500.0,4168.83,12,M,1978-02-06,พนักงานบริษัท,17000.0,MC,HONDA,WAVE 100,2005,AD,16000,S1,2023-01-15,S2,PL,APPLICATION_COMPLETED,45,18
413,23000.0,22985.52,24,M,1988-08-04,อื่นๆ,20000.0,MC,HONDA,WAVE 125,2010,BF,30500,S1,2022-07-25,S1,PL,APPLICATION_COMPLETED,35,13
414,15000.0,14480.87,24,F,1968-06-11,เกษตรกร,30000.0,PU,ISUZU,D-MAX,2012,CE,346500,S1,2022-11-18,S1,PL,APPLICATION_COMPLETED,55,11
415,250000.0,250000.0,60,F,1992-01-20,STREET VENDOR,30000.0,PU,TOYOTA,HILUX VIGO,2006,CT,321500,S1,2023-01-07,S2,PL,APPLICATION_COMPLETED,31,17
417,190000.0,190000.0,48,F,1989-03-01,STREET VENDOR,30000.0,CAR,TOYOTA,CAMRY,2006,ED,263500,S1,2022-09-14,S1,PL,APPLICATION_COMPLETED,34,17
418,200000.0,199750.29,60,F,1990-07-15,เกษตรกร,20000.0,PU,MITSUBISHI,TRITON,2012,BU,372000,S2,2023-01-06,S1,PL,APPLICATION_COMPLETED,33,11
420,225000.0,222456.12,48,M,1994-05-02,อื่นๆ,19500.0,VAN,TOYOTA,COMMUTER,2010,FA,300000,S1,2022-07-12,S1,PL,APPLICATION_COMPLETED,29,13
421,3000.0,2110.76,12,F,1958-03-13,STREET VENDOR,10000.0,MC,SUZUKI,STEP 125,2006,AE,10000,S1,2022-07-27,S1,PL,APPLICATION_COMPLETED,65,17
423,25000.0,24935.12,24,F,1982-08-02,เกษตรกร,20000.0,MC,HONDA,WAVE 110 I,2013,BW,35000,S2,2023-01-06,S1,PL,APPLICATION_COMPLETED,41,10
425,15000.0,14682.85,24,F,1967-05-10,STREET VENDOR,30000.0,MC,YAMAHA,FINO (4DO),2008,AA,17000,S1,2022-09-03,S1,PL,APPLICATION_COMPLETED,56,15
427,214000.0,214000.0,60,F,1979-07-16,พนักงานบริษัท,30000.0,CAR,HONDA,CR-V,2007,AF,286500,S2,2023-01-06,S1,PL,APPLICATION_COMPLETED,44,16
428,50000.0,50000.0,36,F,1992-11-06,STREET VENDOR,30000.0,MC,HONDA,PCX 160,2022,BT,84000,S1,2022-09-21,S1,PL,APPLICATION_COMPLETED,31,1
429,3000.0,3000.0,12,F,1965-12-09,อื่นๆ,10000.0,MC,YAMAHA,TIARA,2000,AB,10000,S1,2022-11-18,S1,PL,APPLICATION_COMPLETED,58,23
432,30000.0,29140.61,36,M,1988-06-18,STREET VENDOR,15000.0,MC,HONDA,WAVE 110 I,2018,DG,42000,S1,2022-08-15,S1,PL,APPLICATION_COMPLETED,35,5
433,6500.0,6174.12,18,M,1996-03-18,อื่นๆ,15000.0,MC,HONDA,WAVE 125,2004,AA,21500,S1,2022-08-17,S1,PL,APPLICATION_COMPLETED,27,19
434,68000.0,67756.17,48,F,1993-07-09,อื่นๆ,15000.0,CAR,TOYOTA,COROLLA ALTIS,2002,EE,117000,S2,2023-01-09,S1,PL,APPLICATION_COMPLETED,30,21
435,178000.0,174188.89,48,M,1983-07-05,พนักงานบริษัท,23000.0,CAR,HONDA,BRIO,2013,AR,236000,S2,2023-01-06,S1,PL,APPLICATION_COMPLETED,40,10
436,27000.0,25876.25,30,M,1954-10-22,เกษตรกร,12000.0,MC,HONDA,WAVE 110 I,2012,BC,36000,S1,2022-09-26,S1,PL,APPLICATION_COMPLETED,69,11
437,290000.0,287387.51,60,F,1981-01-11,อาจารย์,23800.0,PU,TOYOTA,HILUX VIGO,2011,EM,360500,S1,2022-08-20,S1,PL,APPLICATION_COMPLETED,42,12
439,27800.0,26638.27,24,F,1978-11-14,พนักงานบริษัท,33000.0,MC,HONDA,SCOOPY I,2019,CN,37000,S1,2022-09-01,S1,PL,APPLICATION_COMPLETED,45,4
440,12800.0,12367.8,24,M,1990-08-16,เกษตรกร,19000.0,MC,HONDA,CLICK 110I,2008,AU,17000,S1,2022-10-12,S1,PL,APPLICATION_COMPLETED,33,15
442,130000.0,128360.03,60,F,1988-01-27,เกษตรกร,12000.0,CAR,MITSUBISHI,MIRAGE,2013,AF,207500,S1,2022-08-02,S1,PL,APPLICATION_COMPLETED,35,10
443,165000.0,165000.0,60,F,1982-08-30,STREET VENDOR,30000.0,CAR,TOYOTA,VIOS,2010,DX,222000,S2,2023-01-12,S1,PL,APPLICATION_COMPLETED,41,13
444,305000.0,305000.0,60,F,1980-02-09,พนักงานบริษัท,18000.0,PU,NISSAN,NP300,2017,DD,438500,S2,2023-01-09,S1,PL,APPLICATION_COMPLETED,43,6
445,21000.0,19947.38,18,F,1961-06-17,อื่นๆ,10000.0,MC,YAMAHA,MIO 125I,2014,AW,28000,S1,2022-09-12,S1,PL,APPLICATION_COMPLETED,62,9
446,29000.0,29000.0,36,M,1989-11-10,STREET VENDOR,30000.0,MC,HONDA,WAVE 110 I,2016,CI,39000,S1,2022-11-14,S1,PL,APPLICATION_COMPLETED,34,7
447,24000.0,23767.51,24,F,1997-03-08,พนักงานบริษัท,10000.0,MC,HONDA,SCOOPY I,2017,CA,32000,S1,2022-10-07,S1,PL,APPLICATION_COMPLETED,26,6
448,235000.0,235000.0,60,F,1980-03-11,พนักงานบริษัท,20000.0,PU,TOYOTA,HILUX VIGO,2009,FG,292000,S2,2023-01-09,S1,PL,APPLICATION_COMPLETED,43,14
449,129000.0,128112.14,108,M,1998-04-21,STREET VENDOR,30000.0,CAR,HONDA,CIVIC,2005,AY,171500,S2,2022-11-12,S2,PL,APPLICATION_COMPLETED,25,18
450,24000.0,23722.59,12,M,1997-12-19,พนักงานบริษัท,20000.0,MC,HONDA,SCOOPY I,2018,AO,45000,S1,2022-10-25,S1,PL,APPLICATION_COMPLETED,26,5
451,200000.0,197486.11,60,M,1967-12-20,เกษตรกร,20000.0,PU,MAZDA,BT-50PRO,2013,AP,316000,S1,2022-07-18,S1,PL,APPLICATION_COMPLETED,56,10
452,30000.0,29024.44,24,M,1982-06-27,พนักงานบริษัท,25000.0,MC,HONDA,WAVE 110 I,2017,CR,40000,S1,2022-10-08,S1,PL,APPLICATION_COMPLETED,41,6
453,35000.0,34999.82,36,M,1985-10-17,อื่นๆ,21900.0,MC,HONDA,CB 150,2017,AI,47500,S2,2023-01-06,S1,PL,APPLICATION_COMPLETED,38,6
454,36000.0,36000.0,36,M,1989-08-23,พนักงานบริษัท,23000.0,MC,HONDA,CLICK 150I,2019,BH,48500,S2,2023-01-06,S1,PL,APPLICATION_COMPLETED,34,4
455,25000.0,23322.17,30,F,1968-10-03,เกษตรกร,10000.0,MC,YAMAHA,FINN 115I,2022,AH,39000,S1,2022-08-29,S1,PL,APPLICATION_COMPLETED,55,1
456,26300.0,25077.97,36,F,1986-03-28,อื่นๆ,10000.0,MC,HONDA,DREAM 110,2011,AF,35000,S1,2022-10-27,S1,PL,APPLICATION_COMPLETED,37,12
457,27000.0,26353.4,36,F,1999-08-15,พนักงานบริษัท,15000.0,MC,HONDA,SCOOPY I,2019,CN,37000,S1,2022-09-19,S1,PL,APPLICATION_COMPLETED,24,4
459,26000.0,21697.43,18,F,1986-07-05,เกษตรกร,15000.0,MC,HONDA,WAVE 110 I,2016,CM,40000,S1,2022-06-30,S1,PL,APPLICATION_COMPLETED,37,7
460,26400.0,26400.0,24,F,1985-12-27,เกษตรกร,15000.0,MC,HONDA,WAVE 110 I,2013,BW,35000,S1,2022-10-21,S1,PL,APPLICATION_COMPLETED,38,10
461,27000.0,26085.38,24,F,1995-10-10,STREET VENDOR,15000.0,MC,HONDA,WAVE 110 I,2014,CJ,36000,S2,2023-01-12,S1,PL,APPLICATION_COMPLETED,28,9
462,30000.0,29753.22,36,M,1982-11-04,อื่นๆ,10000.0,MC,HONDA,WAVE 110 I,2017,CT,41000,S1,2022-09-16,S1,PL,APPLICATION_COMPLETED,41,6
463,240000.0,238676.22,60,F,1983-01-30,ข้าราชการ,22230.0,PU,TOYOTA,HILUX VIGO,2009,EW,308000,S1,2022-11-09,S2,PL,APPLICATION_COMPLETED,40,14
464,16453.79,15942.01,60,M,1986-11-03,อื่นๆ,23300.0,MC,GPX,DEMON 150,2017,AB,25500,S2,2022-11-03,S2,PL,APPLICATION_COMPLETED,37,6
465,247600.0,247600.0,60,F,1978-09-14,พนักงานบริษัท,16172.0,PU,ISUZU,D-MAX,2007,CO,309500,S1,2022-08-20,S1,PL,APPLICATION_COMPLETED,45,16
466,29000.0,26590.04,36,M,1999-11-29,ข้าราชการ,7000.0,MC,HONDA,WAVE 125 I,2019,DR,38900,S1,2023-01-10,S2,PL,APPLICATION_COMPLETED,24,4
467,100000.0,100000.0,60,M,1985-02-08,เกษตรกร,30000.0,PU,TOYOTA,HILUX TIGER,2001,JJ,170000,S2,2022-12-07,S1,PL,APPLICATION_COMPLETED,38,22
468,25000.0,25000.0,36,M,1999-01-06,อื่นๆ,15000.0,MC,HONDA,WAVE 110 I,2015,CK,37000,S2,2022-12-30,S1,PL,APPLICATION_COMPLETED,24,8
469,85000.0,84594.45,60,M,1990-05-31,ข้าราชการ,16290.0,CAR,TOYOTA,VIOS,2005,EH,131000,S2,2022-12-07,S1,PL,APPLICATION_COMPLETED,33,18
470,31600.0,31600.0,36,F,1996-08-14,STREET VENDOR,12000.0,MC,HONDA,WAVE 110 I,2017,CV,42000,S2,2022-12-07,S1,PL,APPLICATION_COMPLETED,27,6
471,31000.0,31000.0,24,F,1997-10-15,พนักงานบริษัท,12000.0,MC,HONDA,WAVE 110 I,2017,CU,42000,S2,2022-12-15,S1,PL,APPLICATION_COMPLETED,26,6
472,9000.0,8173.46,24,M,2000-10-11,อื่นๆ,12000.0,MC,BENELLI,TNT 25,2017,AB,31000,S1,2023-01-08,S2,PL,APPLICATION_COMPLETED,23,6
473,300000.0,300000.0,60,M,1996-08-22,อื่นๆ,20000.0,PU,ISUZU,D-MAX,2014,BK,410000,S2,2022-12-07,S1,PL,APPLICATION_COMPLETED,27,9
474,34800.0,34800.0,12,F,1986-08-24,STREET VENDOR,15000.0,MC,HONDA,SCOOPY I,2020,CX,46500,S2,2022-12-30,S1,PL,APPLICATION_COMPLETED,37,3
475,170000.0,170000.0,60,M,1988-02-20,พนักงานบริษัท,14000.0,PU,ISUZU,D-MAX,2005,CE,217000,S2,2022-12-10,S1,PL,APPLICATION_COMPLETED,35,18
476,23700.0,23700.0,30,F,1986-10-23,อื่นๆ,17000.0,CAR,CHEVROLET,AVEO,2006,CV,79000,S2,2022-12-07,S1,PL,APPLICATION_COMPLETED,37,17
477,130000.0,130000.0,60,M,1976-10-18,เกษตรกร,18000.0,PU,TOYOTA,HILUX TIGER,2003,CQ,198000,S2,2022-12-07,S1,PL,APPLICATION_COMPLETED,47,20
478,100000.0,100000.0,36,F,1991-05-13,อื่นๆ,22000.0,MC,HONDA,WAVE 110 I,2019,DO,42000,S2,2022-12-07,S1,PL,APPLICATION_COMPLETED,32,4
479,4500.0,4500.0,12,M,1984-01-14,STREET VENDOR,15000.0,MC,HONDA,WAVE 100,2004,AB,15000,S2,2022-12-25,S1,PL,APPLICATION_COMPLETED,39,19
480,33000.0,33000.0,36,F,1981-07-07,STREET VENDOR,20000.0,MC,HONDA,WAVE 110 I,2020,EG,44000,S2,2022-12-07,S1,PL,APPLICATION_COMPLETED,42,3
481,23000.0,22573.56,24,M,1980-11-30,พนักงานบริษัท,16000.0,MC,HONDA,WAVE 110 I,2012,BC,36000,S2,2022-12-19,S1,PL,APPLICATION_COMPLETED,43,11
482,22500.0,22500.0,36,M,1982-08-16,อื่นๆ,20000.0,MC,HONDA,WAVE 110 I,2012,BC,36000,S2,2022-12-04,S1,PL,APPLICATION_COMPLETED,41,11
483,20000.0,20000.0,36,F,1980-06-16,พนักงานบริษัท,16000.0,MC,YAMAHA,GRAND FILANO 125,2014,AM,27500,S2,2022-12-04,S1,PL,APPLICATION_COMPLETED,43,9
484,23400.0,23400.0,18,M,1963-10-05,อาจารย์,25000.0,MC,HONDA,WAVE 110 I,2012,BC,36000,S2,2022-12-25,S1,PL,APPLICATION_COMPLETED,60,11
486,10000.0,10000.0,12,M,1991-09-27,อื่นๆ,10000.0,MC,HONDA,WAVE 110 I,2018,DG,42000,S2,2022-12-30,S1,PL,APPLICATION_COMPLETED,32,5
487,31500.0,31500.0,36,F,1978-03-15,เกษตรกร,15000.0,MC,HONDA,WAVE 110 I,2017,CV,42000,S2,2022-12-04,S1,PL,APPLICATION_COMPLETED,45,6
488,13000.0,12496.56,18,M,1983-10-20,STREET VENDOR,25000.0,MC,HONDA,MSX 125,2016,BF,27000,S2,2022-12-07,S1,PL,APPLICATION_COMPLETED,40,7
491,10500.0,9403.52,24,M,1978-02-09,STREET VENDOR,20000.0,MC,YAMAHA,MIO 125,2012,AJ,14000,S2,2022-12-30,S1,PL,APPLICATION_COMPLETED,45,11
492,35000.0,34511.4,30,F,1993-09-14,เกษตรกร,15000.0,MC,KAWASAKI,NINJA 650,2009,AA,76000,S2,2022-12-07,S1,PL,APPLICATION_COMPLETED,30,14
493,30000.0,30000.0,36,M,1989-09-22,พนักงานบริษัท,13000.0,MC,HONDA,WAVE 110 I,2017,CR,40000,S2,2022-12-07,S1,PL,APPLICATION_COMPLETED,34,6
494,300000.0,300000.0,60,F,1991-04-19,STREET VENDOR,30000.0,PU,ISUZU,D-MAX,2012,BU,392500,S2,2022-12-07,S1,PL,APPLICATION_COMPLETED,32,11
495,27000.0,27000.0,36,F,1968-10-21,อื่นๆ,12000.0,MC,HONDA,WAVE 110 I,2012,BC,36000,S2,2022-12-22,S1,PL,APPLICATION_COMPLETED,55,11
496,31500.0,30637.11,36,F,1985-12-07,STREET VENDOR,15000.0,MC,HONDA,DREAM 110,2014,CA,42000,S2,2022-12-30,S1,PL,APPLICATION_COMPLETED,38,9
497,15800.0,14506.16,18,F,1985-08-26,อื่นๆ,21000.0,MC,HONDA,SCOOPY I,2010,AS,23000,S2,2022-11-09,S1,PL,APPLICATION_COMPLETED,38,13
498,31000.0,31000.0,24,F,1997-10-15,พนักงานบริษัท,12000.0,MC,HONDA,WAVE 110 I,2017,CU,42000,S2,2022-12-15,S1,PL,APPLICATION_COMPLETED,26,6
499,15700.0,15594.86,36,F,1968-05-25,STREET VENDOR,30000.0,MC,HONDA,WAVE 110 I,2011,AI,21000,S2,2022-12-07,S1,PL,APPLICATION_COMPLETED,55,12
500,12000.0,12000.0,18,F,1992-07-04,พนักงานบริษัท,15000.0,MC,HONDA,CLICK 110I,2008,AW,16000,S2,2022-12-07,S1,PL,APPLICATION_COMPLETED,31,15
501,33000.0,33000.0,36,F,1995-03-18,STREET VENDOR,9000.0,MC,HONDA,WAVE 110 I,2019,DU,44000,S2,2022-12-10,S1,PL,APPLICATION_COMPLETED,28,4
502,27000.0,26768.36,36,F,1982-09-13,พนักงานบริษัท,16600.0,MC,HONDA,WAVE 110 I,2012,BC,36000,S2,2022-12-07,S1,PL,APPLICATION_COMPLETED,41,11
503,270000.0,270000.0,60,M,1984-08-18,อื่นๆ,25000.0,PU,MITSUBISHI,TRITON,2015,AD,474500,S2,2022-12-07,S1,PL,APPLICATION_COMPLETED,39,8
504,130000.0,130000.0,60,F,1986-12-09,STREET VENDOR,35000.0,PU,FORD,RANGER,2007,BU,212000,S2,2022-12-07,S1,PL,APPLICATION_COMPLETED,37,16
505,300000.0,300000.0,60,M,1983-10-13,พนักงานบริษัท,15000.0,PU,ISUZU,D-MAX,2019,DB,552000,S2,2022-12-04,S1,PL,APPLICATION_COMPLETED,40,4
506,19000.0,19000.0,18,F,1993-09-15,STREET VENDOR,30000.0,MC,YAMAHA,FINO (MLEKE),2013,AE,25500,S2,2022-12-10,S1,PL,APPLICATION_COMPLETED,30,10
509,32000.0,31571.58,30,M,1968-12-13,STREET VENDOR,20000.0,MC,HONDA,DREAM 110I,2017,CO,53000,S2,2022-12-22,S1,PL,APPLICATION_COMPLETED,55,6
510,15800.0,14506.16,18,F,1985-08-26,อื่นๆ,21000.0,MC,HONDA,SCOOPY I,2010,AS,23000,S2,2022-11-09,S1,PL,APPLICATION_COMPLETED,38,13
511,32000.0,31917.38,36,F,1966-06-20,อื่นๆ,12000.0,MC,HONDA,WAVE 110 I,2018,DI,43000,S1,2023-01-06,S2,PL,APPLICATION_COMPLETED,57,5
512,32000.0,27432.16,18,F,1983-10-06,อื่นๆ,10000.0,MC,HONDA,WAVE 110 I,2019,DS,43000,S1,2023-01-12,S2,PL,APPLICATION_COMPLETED,40,4
513,40000.0,39999.71,36,F,1994-06-06,STREET VENDOR,25000.0,CAR,MITSUBISHI,LANCER,2002,AC,105000,S2,2022-12-15,S1,PL,APPLICATION_COMPLETED,29,21
514,130000.0,130000.0,60,M,1976-10-18,เกษตรกร,18000.0,PU,TOYOTA,HILUX TIGER,2003,CQ,198000,S2,2022-12-07,S1,PL,APPLICATION_COMPLETED,47,20
516,36500.0,36500.0,36,F,1990-08-02,STREET VENDOR,20000.0,MC,HONDA,PCX 150,2014,CE,48500,S2,2022-12-15,S1,PL,APPLICATION_COMPLETED,33,9
518,270000.0,270000.0,60,M,1984-08-18,อื่นๆ,25000.0,PU,MITSUBISHI,TRITON,2015,AD,474500,S2,2022-12-07,S1,PL,APPLICATION_COMPLETED,39,8
520,30000.0,28242.83,24,M,1984-07-12,อื่นๆ,9000.0,MC,HONDA,WAVE 110 I,2017,CR,40000,S1,2023-01-04,S2,PL,APPLICATION_COMPLETED,39,6
521,31500.0,30164.97,18,M,1986-12-18,อื่นๆ,36000.0,MC,HONDA,CLICK 125I,2019,BD,42000,S2,2022-12-15,S1,PL,APPLICATION_COMPLETED,37,4
522,24300.0,24298.95,36,M,1990-10-26,อื่นๆ,15000.0,CAR,CHEVROLET,AVEO,2007,AE,81000,S2,2022-12-04,S1,PL,APPLICATION_COMPLETED,33,16
523,13200.0,12286.79,24,M,1987-12-17,อื่นๆ,20000.0,MC,HONDA,CLICK 110I,2011,AE,17500,S1,2023-01-16,S2,PL,APPLICATION_COMPLETED,36,12
524,30000.0,29578.15,36,M,1967-04-22,เกษตรกร,20000.0,MC,HONDA,WAVE 110 I,2017,CR,40000,S1,2023-01-08,S2,PL,APPLICATION_COMPLETED,56,6
525,30000.0,28870.45,18,F,1999-06-06,เกษตรกร,12000.0,MC,HONDA,WAVE 110 I,2019,DU,44000,S2,2022-12-07,S1,PL,APPLICATION_COMPLETED,24,4
526,33000.0,31166.89,30,F,1992-03-02,STREET VENDOR,17000.0,MC,HONDA,DREAM 110,2015,CC,44000,S2,2022-10-15,S1,PL,APPLICATION_COMPLETED,31,8
527,12000.0,12000.0,12,M,1983-07-01,พนักงานบริษัท,35000.0,CAR,TOYOTA,INNOVA,2009,AV,276500,S2,2022-12-30,S1,PL,APPLICATION_COMPLETED,40,14
528,8500.0,8500.0,12,F,1983-12-05,พนักงานบริษัท,12000.0,MC,HONDA,CLICK 110I,2008,AU,17000,S2,2022-12-04,S1,PL,APPLICATION_COMPLETED,40,15
530,244000.0,244000.0,60,F,1975-06-16,STREET VENDOR,30000.0,PU,ISUZU,D-MAX,2007,CO,309500,S2,2022-12-07,S1,PL,APPLICATION_COMPLETED,48,16
532,50000.0,31971.48,12,M,1976-02-19,เกษตรกร,30000.0,PU,MITSUBISHI,TRITON,2013,BD,338000,S1,2023-01-05,S2,PL,APPLICATION_COMPLETED,47,10
533,12500.0,12250.84,24,F,1987-03-25,พนักงานบริษัท,12000.0,MC,HONDA,CLICK 110I,2008,AU,17000,S1,2023-01-11,S2,PL,APPLICATION_COMPLETED,36,15
534,80000.0,80000.0,36,F,1997-03-03,STREET VENDOR,20000.0,MC,HONDA,CBR 650,2013,AH,137500,S2,2022-12-07,S1,PL,APPLICATION_COMPLETED,26,10
535,26000.0,26000.0,36,F,1965-11-06,STREET VENDOR,18500.0,MC,HONDA,WAVE 110 I,2012,BC,36000,S2,2022-12-10,S1,PL,APPLICATION_COMPLETED,58,11
536,24000.0,24000.0,36,F,1977-05-21,เกษตรกร,10000.0,MC,HONDA,WAVE 110 I,2014,CI,36000,S2,2022-12-04,S1,PL,APPLICATION_COMPLETED,46,9
537,29000.0,29000.0,36,F,1995-06-04,พนักงานบริษัท,18000.0,MC,HONDA,CLICK 125I,2018,BA,39000,S2,2022-12-07,S1,PL,APPLICATION_COMPLETED,28,5
538,17000.0,16811.85,18,F,1997-03-06,STREET VENDOR,10000.0,MC,HONDA,SCOOPY I,2012,BT,28000,S2,2022-12-07,S1,PL,APPLICATION_COMPLETED,26,11
539,27000.0,26768.36,36,F,1982-09-13,พนักงานบริษัท,16600.0,MC,HONDA,WAVE 110 I,2012,BC,36000,S2,2022-12-07,S1,PL,APPLICATION_COMPLETED,41,11
540,150000.0,150000.0,60,F,1992-11-01,อื่นๆ,15000.0,PU,TOYOTA,HILUX TIGER,2004,BT,193000,S2,2022-12-04,S1,PL,APPLICATION_COMPLETED,31,19
541,10000.0,9952.06,12,M,1993-08-09,อื่นๆ,10000.0,MC,HONDA,WAVE 110 I,2019,DS,43000,S1,2023-01-11,S2,PL,APPLICATION_COMPLETED,30,4
542,26000.0,25853.98,36,F,1994-11-05,พนักงานบริษัท,12000.0,MC,HONDA,WAVE 110 I,2013,BW,35000,S2,2022-12-10,S1,PL,APPLICATION_COMPLETED,29,10
543,169000.0,169000.0,60,F,1992-03-02,พนักงานรัฐวิสาหกิจ,13285.0,PU,TOYOTA,HILUX VIGO,2011,ES,241500,S2,2022-12-04,S1,PL,APPLICATION_COMPLETED,31,12
544,33000.0,33000.0,36,M,1971-02-14,STREET VENDOR,13000.0,MC,YAMAHA,N-MAX 155,2018,DA,51000,S2,2022-12-30,S1,PL,APPLICATION_COMPLETED,52,5
545,95000.0,95000.0,36,M,1975-12-09,อื่นๆ,14000.0,CAR,TOYOTA,VIOS,2006,AD,147500,S2,2022-12-22,S1,PL,APPLICATION_COMPLETED,48,17
546,26000.0,24712.71,36,F,1983-01-01,ข้าราชการ,30000.0,MC,HONDA,DREAM 110,2011,AF,35000,S1,2023-01-04,S2,PL,APPLICATION_COMPLETED,40,12
548,270000.0,270000.0,60,M,1984-08-18,อื่นๆ,25000.0,PU,MITSUBISHI,TRITON,2015,AD,474500,S2,2022-12-07,S1,PL,APPLICATION_COMPLETED,39,8
549,28300.0,28222.83,24,M,1985-03-17,STREET VENDOR,20000.0,CAR,HONDA,CIVIC,1996,AJ,105000,S2,2022-12-07,S1,PL,APPLICATION_COMPLETED,38,27
550,18000.0,17635.95,24,M,1987-01-13,พนักงานบริษัท,22000.0,MC,HONDA,SCOOPY I,2014,BA,30000,S2,2022-12-15,S1,PL,APPLICATION_COMPLETED,36,9
552,200000.0,200000.0,60,F,1971-01-24,STREET VENDOR,20000.0,PU,TOYOTA,HILUX VIGO,2011,EN,313000,S2,2022-12-07,S1,PL,APPLICATION_COMPLETED,52,12
553,140000.0,140000.0,60,M,1986-04-26,อื่นๆ,15000.0,PU,MITSUBISHI,TRITON,2011,BF,258000,S2,2022-12-22,S1,PL,APPLICATION_COMPLETED,37,12
554,310000.0,310000.0,60,M,1985-12-12,อื่นๆ,25000.0,VAN,TOYOTA,COMMUTER,2010,ET,482000,S2,2022-12-04,S1,PL,APPLICATION_COMPLETED,38,13
555,169000.0,169000.0,60,F,1992-03-02,พนักงานรัฐวิสาหกิจ,13285.0,PU,TOYOTA,HILUX VIGO,2011,ES,241500,S2,2022-12-04,S1,PL,APPLICATION_COMPLETED,31,12
556,28000.0,27804.3,36,M,1994-07-01,เกษตรกร,15000.0,MC,HONDA,WAVE 110 I,2019,DO,42000,S2,2022-12-10,S1,PL,APPLICATION_COMPLETED,29,4
557,11000.0,11000.0,24,F,1984-07-29,อื่นๆ,15000.0,MC,YAMAHA,FINO (4DO),2009,AA,17000,S2,2022-12-07,S1,PL,APPLICATION_COMPLETED,39,14
558,134000.0,133517.83,60,F,1990-08-13,พนักงานบริษัท,15000.0,CAR,HONDA,CIVIC,2007,AS,207500,S2,2022-11-29,S1,PL,APPLICATION_COMPLETED,33,16
559,33000.0,33000.0,36,F,1981-07-07,STREET VENDOR,20000.0,MC,HONDA,WAVE 110 I,2020,EG,44000,S2,2022-12-07,S1,PL,APPLICATION_COMPLETED,42,3
560,228000.0,226690.96,60,M,1996-05-07,พนักงานบริษัท,15000.0,CAR,HONDA,CITY,2012,BS,302000,S2,2022-11-09,S1,PL,APPLICATION_COMPLETED,27,11
561,279000.0,279000.0,60,M,1982-09-29,พนักงานบริษัท,30000.0,PU,TOYOTA,HILUX VIGO,2012,GT,347500,S2,2022-12-19,S1,PL,APPLICATION_COMPLETED,41,11
562,31200.0,31141.63,18,M,1981-11-13,STREET VENDOR,30000.0,MC,HONDA,WAVE 110 I,2019,DO,42000,S2,2022-12-10,S1,PL,APPLICATION_COMPLETED,42,4
563,10000.0,9900.47,36,M,1992-03-03,อื่นๆ,12000.0,MC,HONDA,CLICK 110I,2010,AC,18000,S2,2022-12-15,S1,PL,APPLICATION_COMPLETED,31,13
564,33700.0,33700.0,36,M,1964-06-10,อื่นๆ,13000.0,MC,HONDA,DREAM 110,2016,CB,45000,S2,2022-12-10,S1,PL,APPLICATION_COMPLETED,59,7
565,15500.0,14351.55,24,M,1972-04-20,STREET VENDOR,15000.0,MC,HONDA,WAVE 110 I,2011,AI,21000,S1,2023-01-10,S2,PL,APPLICATION_COMPLETED,51,12
566,32000.0,31571.58,30,M,1968-12-13,STREET VENDOR,20000.0,MC,HONDA,DREAM 110I,2017,CO,53000,S2,2022-12-22,S1,PL,APPLICATION_COMPLETED,55,6
567,20000.0,20000.0,36,M,1994-10-04,พนักงานบริษัท,12000.0,MC,HONDA,WAVE 125,2010,BF,30500,S2,2022-12-07,S1,PL,APPLICATION_COMPLETED,29,13
568,16500.0,16500.0,18,F,1980-03-30,อื่นๆ,19000.0,MC,HONDA,SCOOPY I,2011,AR,24000,S2,2022-12-07,S1,PL,APPLICATION_COMPLETED,43,12
569,80000.0,80000.0,36,M,1984-03-11,อาจารย์,21000.0,CAR,MITSUBISHI,LANCER,2007,AC,148500,S2,2022-12-07,S1,PL,APPLICATION_COMPLETED,39,16
570,14500.0,14500.0,12,M,1976-02-01,อื่นๆ,20000.0,MC,HONDA,ZOOMER X 110I,2013,BF,19500,S2,2022-12-15,S1,PL,APPLICATION_COMPLETED,47,10
571,94900.0,94900.0,42,F,1979-01-28,STREET VENDOR,20000.0,MC,YAMAHA,FINO (MLEKE),2009,AH,23000,S2,2022-12-19,S1,PL,APPLICATION_COMPLETED,44,14
572,18000.0,18000.0,24,F,1986-08-06,อื่นๆ,9000.0,MC,HONDA,SCOOPY I,2016,CP,32000,S2,2022-12-04,S1,PL,APPLICATION_COMPLETED,37,7
573,300000.0,300000.0,60,M,1983-10-13,พนักงานบริษัท,15000.0,PU,ISUZU,D-MAX,2019,DB,552000,S2,2022-12-04,S1,PL,APPLICATION_COMPLETED,40,4
574,38500.0,38500.0,36,M,1971-02-14,STREET VENDOR,13000.0,MC,YAMAHA,N-MAX 155,2018,DA,51000,S2,2022-12-04,S1,PL,APPLICATION_COMPLETED,52,5
575,38000.0,37257.05,24,F,1993-09-10,พนักงานบริษัท,15000.0,MC,YAMAHA,N-MAX 155,2018,DA,51000,S2,2022-12-30,S1,PL,APPLICATION_COMPLETED,30,5
576,8500.0,6977.06,12,M,1991-01-02,อื่นๆ,10000.0,MC,YAMAHA,MIO 115,2010,AO,13000,S1,2023-01-01,S2,PL,APPLICATION_COMPLETED,32,13
577,300000.0,298055.87,60,M,1984-09-10,อื่นๆ,14000.0,PU,ISUZU,D-MAX,2013,CE,475500,S2,2023-01-09,S1,PL,APPLICATION_COMPLETED,39,10
578,24300.0,24298.95,36,M,1990-10-26,อื่นๆ,15000.0,CAR,CHEVROLET,AVEO,2007,AE,81000,S2,2022-12-04,S1,PL,APPLICATION_COMPLETED,33,16
579,27000.0,26768.36,36,M,2000-07-10,อื่นๆ,12000.0,MC,HONDA,WAVE 110 I,2012,BC,36000,S2,2022-12-10,S1,PL,APPLICATION_COMPLETED,23,11
580,9000.0,8173.46,24,M,2000-10-11,อื่นๆ,12000.0,MC,BENELLI,TNT 25,2017,AB,31000,S1,2023-01-08,S2,PL,APPLICATION_COMPLETED,23,6
581,30000.0,30000.0,36,F,1970-01-17,STREET VENDOR,20000.0,CAR,TOYOTA,SOLUNA,2002,CO,93500,S2,2022-12-04,S1,PL,APPLICATION_COMPLETED,53,21
582,190000.0,188712.01,60,M,1979-08-30,พนักงานบริษัท,27006.0,PU,ISUZU,D-MAX,2006,CM,247500,S2,2022-12-22,S1,PL,APPLICATION_COMPLETED,44,17
583,24000.0,23735.52,36,F,1970-05-21,เกษตรกร,15000.0,MC,HONDA,WAVE 110 I,2012,AZ,35000,S2,2022-12-15,S1,PL,APPLICATION_COMPLETED,53,11
584,29000.0,27930.6,24,M,1976-08-05,พนักงานบริษัท,17000.0,MC,HONDA,CLICK 125I,2018,BA,39000,S2,2022-12-15,S1,PL,APPLICATION_COMPLETED,47,5
585,34800.0,34800.0,36,F,1992-02-08,พนักงานบริษัท,11850.0,MC,HONDA,SCOOPY I,2020,AJ,47000,S2,2022-12-07,S1,PL,APPLICATION_COMPLETED,31,3
586,31500.0,30164.97,18,M,1986-12-18,อื่นๆ,36000.0,MC,HONDA,CLICK 125I,2019,BD,42000,S2,2022-12-15,S1,PL,APPLICATION_COMPLETED,37,4
587,14000.0,13854.61,36,F,1975-03-19,STREET VENDOR,20000.0,MC,HONDA,SCOOPY I,2011,BB,22000,S2,2022-12-07,S1,PL,APPLICATION_COMPLETED,48,12
588,40000.0,39999.71,36,F,1994-06-06,STREET VENDOR,25000.0,CAR,MITSUBISHI,LANCER,2002,AC,105000,S2,2022-12-15,S1,PL,APPLICATION_COMPLETED,29,21
589,10000.0,9323.22,36,M,1979-07-22,พนักงานบริษัท,33000.0,MC,HONDA,CLICK 110I,2008,AW,16000,S2,2022-12-10,S1,PL,APPLICATION_COMPLETED,44,15
590,167600.0,167600.0,60,F,1978-07-08,พนักงานบริษัท,17300.0,CAR,TOYOTA,VIOS,2010,DX,222000,S2,2022-12-04,S1,PL,APPLICATION_COMPLETED,45,13
591,30000.0,30000.0,36,F,1970-01-17,STREET VENDOR,20000.0,CAR,TOYOTA,SOLUNA,2002,CO,93500,S2,2022-12-04,S1,PL,APPLICATION_COMPLETED,53,21
592,24000.0,24000.0,24,M,1993-10-24,เกษตรกร,12000.0,MC,HONDA,WAVE 110 I,2013,BW,35000,S2,2022-12-07,S1,PL,APPLICATION_COMPLETED,30,10
595,24800.0,24355.97,36,F,1975-05-04,อื่นๆ,11000.0,MC,HONDA,WAVE 110 I,2012,BE,37000,S2,2022-12-04,S1,PL,APPLICATION_COMPLETED,48,11
596,9000.0,8290.7,12,F,1970-04-11,STREET VENDOR,20000.0,MC,YAMAHA,SPARK NANO,2011,AE,12000,S2,2022-12-07,S1,PL,APPLICATION_COMPLETED,53,12
597,28500.0,27353.07,36,F,1961-06-10,เกษตรกร,15000.0,MC,HONDA,WAVE 110 I,2012,BF,38000,S2,2023-01-06,S1,PL,APPLICATION_COMPLETED,62,11
598,8600.0,8059.34,12,M,1993-07-28,อื่นๆ,13000.0,MC,YAMAHA,MIO 125,2011,AF,13000,S2,2022-12-07,S1,PL,APPLICATION_COMPLETED,30,12
599,169000.0,169000.0,60,F,1992-03-02,พนักงานรัฐวิสาหกิจ,13285.0,PU,TOYOTA,HILUX VIGO,2011,ES,241500,S2,2022-12-04,S1,PL,APPLICATION_COMPLETED,31,12
600,33000.0,33000.0,36,M,1971-02-14,STREET VENDOR,13000.0,MC,YAMAHA,N-MAX 155,2018,DA,51000,S2,2022-12-30,S1,PL,APPLICATION_COMPLETED,52,5
601,7000.0,7000.0,12,M,1966-12-01,พนักงานบริษัท,14000.0,MC,HONDA,WAVE 110 I,2015,CM,38000,S2,2022-12-10,S1,PL,APPLICATION_COMPLETED,57,8
602,26000.0,26000.0,36,F,1965-11-06,STREET VENDOR,18500.0,MC,HONDA,WAVE 110 I,2012,BC,36000,S2,2022-12-10,S1,PL,APPLICATION_COMPLETED,58,11
603,37500.0,36873.32,36,F,1991-10-21,พนักงานบริษัท,30000.0,MC,YAMAHA,GRAND FILANO 125,2019,AW,50000,S2,2023-01-06,S1,PL,APPLICATION_COMPLETED,32,4
605,30000.0,30000.0,36,M,1999-12-27,พนักงานบริษัท,11500.0,MC,HONDA,WAVE 110 I,2018,DE,41000,S2,2022-12-07,S1,PL,APPLICATION_COMPLETED,24,5
607,15500.0,14351.55,24,M,1972-04-20,STREET VENDOR,15000.0,MC,HONDA,WAVE 110 I,2011,AI,21000,S1,2023-01-10,S2,PL,APPLICATION_COMPLETED,51,12
608,29000.0,27573.94,24,F,1983-11-08,STREET VENDOR,17000.0,MC,HONDA,PCX 150,2012,BU,39000,S2,2022-12-10,S1,PL,APPLICATION_COMPLETED,40,11
609,18000.0,18000.0,36,M,1992-06-22,STREET VENDOR,30000.0,MC,HONDA,WAVE 110 I,2010,AP,31000,S2,2022-12-04,S1,PL,APPLICATION_COMPLETED,31,13
610,42000.0,42000.0,36,F,1978-05-18,อื่นๆ,20000.0,MC,VESPA,SPRINT 150,2015,AN,60000,S2,2022-12-07,S1,PL,APPLICATION_COMPLETED,45,8
611,31800.0,31711.72,36,M,1996-09-12,เกษตรกร,20000.0,MC,HONDA,WAVE 125 I,2021,DK,49000,S2,2022-12-07,S1,PL,APPLICATION_COMPLETED,27,2
613,100000.0,100000.0,60,M,1982-05-13,พนักงานบริษัท,15000.0,CAR,HONDA,JAZZ,2006,AU,165000,S2,2022-12-19,S1,PL,APPLICATION_COMPLETED,41,17
614,12000.0,12000.0,12,M,1983-07-01,พนักงานบริษัท,35000.0,CAR,TOYOTA,INNOVA,2009,AV,276500,S2,2022-12-30,S1,PL,APPLICATION_COMPLETED,40,14
615,11000.0,11000.0,24,F,1968-03-27,อื่นๆ,15000.0,MC,HONDA,CLICK 110I,2008,AW,16000,S2,2022-12-19,S1,PL,APPLICATION_COMPLETED,55,15
616,21500.0,20859.46,36,M,1971-08-19,อื่นๆ,20000.0,MC,HONDA,DREAM 110I,2017,CO,53000,S2,2022-12-04,S1,PL,APPLICATION_COMPLETED,52,6
617,12000.0,11951.95,12,M,1995-09-08,พนักงานบริษัท,14000.0,MC,YAMAHA,FINO (4DO),2009,AA,17000,S1,2023-01-12,S2,PL,APPLICATION_COMPLETED,28,14
618,250000.0,249834.55,60,M,1984-04-20,เกษตรกร,15000.0,PU,ISUZU,D-MAX,2011,AN,385500,S2,2022-12-07,S1,PL,APPLICATION_COMPLETED,39,12
619,30000.0,29718.69,36,F,1984-11-02,เกษตรกร,11000.0,MC,HONDA,WAVE 110 I,2017,CR,40000,S2,2023-01-14,S1,PL,APPLICATION_COMPLETED,39,6
620,310000.0,310000.0,60,M,1985-12-12,อื่นๆ,25000.0,VAN,TOYOTA,COMMUTER,2010,ET,482000,S2,2022-12-04,S1,PL,APPLICATION_COMPLETED,38,13
621,176000.0,176000.0,60,F,1984-08-30,STREET VENDOR,30000.0,CAR,TOYOTA,VIOS,2011,BE,237500,S2,2022-12-07,S1,PL,APPLICATION_COMPLETED,39,12
622,27000.0,27000.0,36,F,1968-10-21,อื่นๆ,12000.0,MC,HONDA,WAVE 110 I,2012,BC,36000,S2,2022-12-22,S1,PL,APPLICATION_COMPLETED,55,11
623,100000.0,100000.0,60,M,1982-05-13,พนักงานบริษัท,15000.0,CAR,HONDA,JAZZ,2006,AU,165000,S2,2022-12-19,S1,PL,APPLICATION_COMPLETED,41,17
624,240000.0,240000.0,48,F,1987-12-04,อื่นๆ,20000.0,CAR,HONDA,BRIO,2016,CS,328500,S2,2022-12-07,S1,PL,APPLICATION_COMPLETED,36,7
625,130000.0,130000.0,60,M,1982-12-08,พนักงานบริษัท,17000.0,PU,TOYOTA,HILUX TIGER,2004,BT,193000,S2,2022-12-07,S1,PL,APPLICATION_COMPLETED,41,19
626,25000.0,25000.0,36,F,1996-09-16,พนักงานบริษัท,16000.0,MC,HONDA,DREAM 110I,2014,CC,42000,S2,2022-12-10,S1,PL,APPLICATION_COMPLETED,27,9
627,14000.0,14000.0,12,F,1993-12-23,STREET VENDOR,15000.0,MC,HONDA,WAVE 110 I,2011,AI,21000,S2,2022-12-07,S1,PL,APPLICATION_COMPLETED,30,12
628,31000.0,29000.51,30,M,1985-08-06,STREET VENDOR,30000.0,MC,HONDA,WAVE 110 I,2019,DO,42000,S2,2022-12-19,S1,PL,APPLICATION_COMPLETED,38,4
630,33000.0,33000.0,24,F,1977-10-22,STREET VENDOR,35000.0,MC,HONDA,WAVE 110 I,2019,DU,44000,S2,2022-12-07,S1,PL,APPLICATION_COMPLETED,46,4
631,28500.0,28236.26,36,F,1981-11-26,อาจารย์,25000.0,MC,HONDA,WAVE 110 I,2012,BF,38000,S1,2023-01-03,S2,PL,APPLICATION_COMPLETED,42,11
632,157000.0,157000.0,60,F,1982-10-26,พนักงานรัฐวิสาหกิจ,24000.0,CAR,TOYOTA,VIOS,2011,FN,242500,S2,2022-12-07,S1,PL,APPLICATION_COMPLETED,41,12
633,14000.0,13854.61,36,F,1975-03-19,STREET VENDOR,20000.0,MC,HONDA,SCOOPY I,2011,BB,22000,S2,2022-12-07,S1,PL,APPLICATION_COMPLETED,48,12
634,31000.0,29532.2,24,M,1994-02-20,อื่นๆ,30000.0,MC,HONDA,CLICK 125I,2019,BD,42000,S2,2022-12-15,S1,PL,APPLICATION_COMPLETED,29,4
635,33500.0,33500.0,36,M,1969-05-18,STREET VENDOR,25000.0,MC,YAMAHA,EXCITER 150,2019,CW,45000,S2,2022-12-07,S1,PL,APPLICATION_COMPLETED,54,4
636,23000.0,23000.0,24,F,1988-04-14,STREET VENDOR,30000.0,MC,HONDA,CBR 150,2013,AF,30500,S2,2022-12-22,S1,PL,APPLICATION_COMPLETED,35,10
637,85000.0,85000.0,60,F,1995-03-29,STREET VENDOR,18000.0,CAR,TOYOTA,VIOS,2004,BA,131500,S2,2022-12-07,S1,PL,APPLICATION_COMPLETED,28,19
638,250000.0,250000.0,60,F,1978-10-21,อาจารย์,31095.0,CAR,HONDA,JAZZ,2012,BH,313500,S2,2022-12-07,S1,PL,APPLICATION_COMPLETED,45,11
640,140000.0,140000.0,60,F,1985-05-29,STREET VENDOR,15000.0,PU,ISUZU,D-MAX,2004,BI,185000,S2,2022-12-19,S1,PL,APPLICATION_COMPLETED,38,19
641,8600.0,8059.34,12,M,1993-07-28,อื่นๆ,13000.0,MC,YAMAHA,MIO 125,2011,AF,13000,S2,2022-12-07,S1,PL,APPLICATION_COMPLETED,30,12
642,9000.0,8290.7,12,F,1970-04-11,STREET VENDOR,20000.0,MC,YAMAHA,SPARK NANO,2011,AE,12000,S2,2022-12-07,S1,PL,APPLICATION_COMPLETED,53,12
643,16500.0,16500.0,18,F,1980-03-30,อื่นๆ,19000.0,MC,HONDA,SCOOPY I,2011,AR,24000,S2,2022-12-07,S1,PL,APPLICATION_COMPLETED,43,12
644,33000.0,33000.0,36,F,1995-03-18,STREET VENDOR,9000.0,MC,HONDA,WAVE 110 I,2019,DU,44000,S2,2022-12-10,S1,PL,APPLICATION_COMPLETED,28,4
645,200000.0,198124.35,48,M,1987-10-21,พนักงานบริษัท,18000.0,PU,TOYOTA,HILUX VIGO,2010,CR,271000,S2,2022-12-07,S1,PL,APPLICATION_COMPLETED,36,13
646,29000.0,29000.0,36,F,1976-10-27,อื่นๆ,12000.0,MC,HONDA,WAVE 110 I,2016,CK,39000,S2,2022-12-04,S1,PL,APPLICATION_COMPLETED,47,7
647,36500.0,36500.0,36,F,1990-08-02,STREET VENDOR,20000.0,MC,HONDA,PCX 150,2014,CE,48500,S2,2022-12-15,S1,PL,APPLICATION_COMPLETED,33,9
648,28800.0,27293.26,12,F,1990-02-24,อื่นๆ,15000.0,MC,HONDA,SCOOPY I,2019,CK,38500,S2,2022-12-07,S1,PL,APPLICATION_COMPLETED,33,4
649,9000.0,8290.7,12,F,1970-04-11,STREET VENDOR,20000.0,MC,YAMAHA,SPARK NANO,2011,AE,12000,S2,2022-12-07,S1,PL,APPLICATION_COMPLETED,53,12
650,50000.0,31971.48,12,M,1976-02-19,เกษตรกร,30000.0,PU,MITSUBISHI,TRITON,2013,BD,338000,S1,2023-01-05,S2,PL,APPLICATION_COMPLETED,47,10
652,15800.0,14506.16,18,F,1985-08-26,อื่นๆ,21000.0,MC,HONDA,SCOOPY I,2010,AS,23000,S2,2022-11-09,S1,PL,APPLICATION_COMPLETED,38,13
653,173000.0,173000.0,60,F,1990-12-13,STREET VENDOR,10000.0,CAR,MITSUBISHI,ATTRAGE,2016,AJ,246000,S2,2022-12-07,S1,PL,APPLICATION_COMPLETED,33,7
654,40000.0,39911.16,36,F,1979-10-13,อื่นๆ,15000.0,MC,HONDA,DREAM 110I,2017,CO,53000,S2,2022-12-15,S1,PL,APPLICATION_COMPLETED,44,6
655,115000.0,115000.0,60,F,1983-08-27,อื่นๆ,15000.0,MC,HONDA,CBR 300,2017,AW,63000,S2,2022-12-07,S1,PL,APPLICATION_COMPLETED,40,6
656,7500.0,7416.59,12,M,1980-05-11,พนักงานบริษัท,15000.0,MC,YAMAHA,TTX 115,2012,AJ,10000,S1,2023-01-02,S2,PL,APPLICATION_COMPLETED,43,11
657,150000.0,150000.0,48,F,1990-08-10,STREET VENDOR,20000.0,PU,NISSAN,FRONTIER NAVARA,2008,BG,253500,S2,2022-12-07,S1,PL,APPLICATION_COMPLETED,33,15
658,190000.0,190000.0,60,M,1989-11-25,พนักงานบริษัท,18000.0,PU,TOYOTA,HILUX VIGO,2013,EF,285500,S2,2022-12-07,S1,PL,APPLICATION_COMPLETED,34,10
659,149000.0,149000.0,36,M,1986-02-18,พนักงานบริษัท,20000.0,CAR,HONDA,ACCORD,2005,CL,203000,S2,2022-12-07,S1,PL,APPLICATION_COMPLETED,37,18
660,26000.0,24380.81,30,F,1994-02-06,STREET VENDOR,12000.0,MC,HONDA,WAVE 110 I,2012,AZ,35000,S2,2023-01-12,S1,PL,APPLICATION_COMPLETED,29,11
661,26000.0,25824.05,36,F,1980-10-14,เกษตรกร,15000.0,MC,HONDA,WAVE 110 I,2013,CC,35500,S2,2022-12-10,S1,PL,APPLICATION_COMPLETED,43,10
662,100000.0,100000.0,48,F,1990-02-17,STREET VENDOR,25000.0,CAR,HONDA,CIVIC,2002,CH,134500,S2,2022-12-07,S1,PL,APPLICATION_COMPLETED,33,21
663,16500.0,16500.0,12,M,1984-12-10,อื่นๆ,17000.0,MC,HONDA,CLICK 125I,2011,AZ,22000,S2,2022-12-10,S1,PL,APPLICATION_COMPLETED,39,12
664,28000.0,27838.13,36,F,1984-04-04,STREET VENDOR,30000.0,MC,HONDA,WAVE 110 I,2018,DI,43000,S2,2022-12-10,S1,PL,APPLICATION_COMPLETED,39,5
665,26500.0,25431.43,24,M,1996-09-23,STREET VENDOR,10000.0,MC,HONDA,WAVE 110 I,2013,CC,35500,S1,2023-01-15,S2,PL,APPLICATION_COMPLETED,27,10
666,23400.0,23400.0,18,M,1963-10-05,อาจารย์,25000.0,MC,HONDA,WAVE 110 I,2012,BC,36000,S2,2022-12-25,S1,PL,APPLICATION_COMPLETED,60,11
667,24800.0,24800.0,36,F,1993-10-08,เกษตรกร,15000.0,MC,HONDA,WAVE 110 I,2012,BC,36000,S2,2022-12-07,S1,PL,APPLICATION_COMPLETED,30,11
668,140000.0,138963.28,60,F,1981-11-28,อื่นๆ,22770.0,CAR,TOYOTA,VIOS,2010,DX,222000,S2,2022-11-03,S1,PL,APPLICATION_COMPLETED,42,13
669,190000.0,190000.0,60,M,1958-05-31,เกษตรกร,30000.0,PU,MITSUBISHI,TRITON,2013,AQ,275000,S2,2022-12-07,S1,PL,APPLICATION_COMPLETED,65,10
670,190000.0,188712.01,60,M,1979-08-30,พนักงานบริษัท,27006.0,PU,ISUZU,D-MAX,2006,CM,247500,S2,2022-12-22,S1,PL,APPLICATION_COMPLETED,44,17
671,210000.0,210000.0,60,M,1970-11-13,อื่นๆ,18000.0,PU,TOYOTA,HILUX VIGO,2007,CR,276000,S2,2022-12-07,S1,PL,APPLICATION_COMPLETED,53,16
672,33000.0,33000.0,18,M,1979-09-07,STREET VENDOR,25000.0,MC,HONDA,SCOOPY PRESTIGE,2021,BY,44000,S2,2022-12-07,S1,PL,APPLICATION_COMPLETED,44,2
673,14500.0,14500.0,12,M,1976-02-01,อื่นๆ,20000.0,MC,HONDA,ZOOMER X 110I,2013,BF,19500,S2,2022-12-15,S1,PL,APPLICATION_COMPLETED,47,10
674,19000.0,19000.0,36,M,1994-07-11,เกษตรกร,12000.0,CAR,PROTON,SAVVY,2007,AG,63500,S2,2022-12-10,S1,PL,APPLICATION_COMPLETED,29,16
675,16000.0,16000.0,36,F,1957-11-26,เกษตรกร,13000.0,MC,HONDA,CLICK 125I,2011,AZ,22000,S2,2022-12-22,S1,PL,APPLICATION_COMPLETED,66,12
676,31500.0,29592.61,30,M,1985-04-26,อื่นๆ,25000.0,MC,HONDA,WAVE 110 I,2019,DU,44000,S1,2023-01-16,S2,PL,APPLICATION_COMPLETED,38,4
677,12000.0,10952.86,24,M,1971-07-02,อื่นๆ,7000.0,MC,HONDA,WAVE 100,2007,AI,20000,S1,2023-01-14,S2,PL,APPLICATION_COMPLETED,52,16
678,170000.0,170000.0,60,M,1988-02-20,พนักงานบริษัท,14000.0,PU,ISUZU,D-MAX,2005,CE,217000,S2,2022-12-10,S1,PL,APPLICATION_COMPLETED,35,18
679,27000.0,25974.74,24,M,1975-10-02,STREET VENDOR,30000.0,MC,YAMAHA,M-SLAZ 150,2016,AR,37000,S2,2023-01-14,S1,PL,APPLICATION_COMPLETED,48,7
680,20000.0,18434.0,12,M,1994-01-26,อื่นๆ,15000.0,MC,HONDA,WAVE 110I,2019,DB,34500,S2,2023-01-10,S3,NPL,APPLICATION_COMPLETED,29,4
681,28000.0,26483.19,24,F,1989-12-30,อื่นๆ,15000.0,MC,HONDA,DREAM 110,2015,CC,44000,S2,2022-11-27,S1,NPL,APPLICATION_COMPLETED,34,8
682,70000.0,66449.75,24,M,1978-02-28,พนักงานบริษัท,30000.0,CAR,TOYOTA,COROLLA ALTIS,2005,BJ,153000,S3,2023-01-02,S2,NPL,APPLICATION_COMPLETED,45,18
684,10000.0,9996.01,12,M,1982-05-07,STREET VENDOR,18200.0,MC,HONDA,CLICK 110,2007,AC,14000,S3,2023-01-08,S2,NPL,APPLICATION_COMPLETED,41,16
686,159000.0,159000.0,60,M,1986-05-07,เกษตรกร,20000.0,CAR,TOYOTA,COROLLA ALTIS,2009,DP,211500,S3,2023-01-11,S2,NPL,APPLICATION_COMPLETED,37,14
687,100000.0,97932.23,24,M,1976-09-15,อื่นๆ,25000.0,PU,TOYOTA,HILUX TIGER,2003,BF,163000,S3,2023-01-05,S2,NPL,APPLICATION_COMPLETED,47,20
688,54300.0,54179.92,36,F,1996-02-25,STREET VENDOR,15000.0,MC,YAMAHA,N-MAX 155,2020,BJ,72500,S2,2022-10-19,S1,NPL,APPLICATION_COMPLETED,27,3
689,23000.0,22506.24,24,M,1985-12-22,STREET VENDOR,15000.0,MC,HONDA,WAVE 110 I,2013,BW,35000,S3,2023-01-08,S2,NPL,APPLICATION_COMPLETED,38,10
691,75000.0,65796.25,24,M,1984-10-09,อื่นๆ,13000.0,CAR,TOYOTA,VIOS,2004,FE,116000,S1,2023-01-12,S2,NPL,APPLICATION_COMPLETED,39,19
693,25000.0,24866.29,36,F,1972-01-13,อื่นๆ,20000.0,MC,HONDA,WAVE 110 I,2012,AZ,35000,S2,2022-11-18,S1,NPL,APPLICATION_COMPLETED,51,11
694,97800.0,94964.67,42,M,1957-07-07,STREET VENDOR,25000.0,CAR,TOYOTA,VIOS,2006,AJ,130500,S2,2023-01-12,S3,NPL,APPLICATION_COMPLETED,66,17
695,50000.0,49857.68,36,M,1983-02-09,อื่นๆ,12000.0,MC,VESPA,SPRINT 125,2020,AM,85000,S2,2022-11-24,S1,NPL,APPLICATION_COMPLETED,40,3
696,14000.0,13967.4,36,F,1981-08-28,พนักงานบริษัท,20000.0,MC,HONDA,SCOOPY I,2013,BH,19000,S2,2022-11-29,S1,NPL,APPLICATION_COMPLETED,42,10
697,12000.0,11979.73,18,M,2001-03-20,พนักงานบริษัท,9000.0,MC,GPX,DEMON 125,2017,AF,17000,S1,2023-01-06,S2,NPL,APPLICATION_COMPLETED,22,6
698,25000.0,24765.58,36,M,1997-06-11,STREET VENDOR,15000.0,MC,HONDA,PCX 150,2013,BS,41500,S2,2022-11-18,S1,NPL,APPLICATION_COMPLETED,26,10
699,31500.0,30413.24,24,F,1990-05-29,ข้าราชการ,19430.0,MC,HONDA,CLICK 125I,2019,BD,42000,S2,2022-11-29,S1,NPL,APPLICATION_COMPLETED,33,4
700,18000.0,17938.8,36,F,2000-08-04,พนักงานบริษัท,13000.0,MC,HONDA,CLICK 125I,2013,AI,24500,S2,2022-11-29,S1,NPL,APPLICATION_COMPLETED,23,10
701,40000.0,38719.34,24,M,1995-01-12,อื่นๆ,10000.0,MC,HONDA,PCX 150,2016,CF,56000,S3,2023-01-02,S2,NPL,APPLICATION_COMPLETED,28,7
702,15000.0,14518.31,18,M,1991-08-03,อื่นๆ,9000.0,MC,HONDA,WAVE 110 I,2021,DM,44000,S2,2022-11-27,S1,NPL,APPLICATION_COMPLETED,32,2
703,27700.0,27700.0,36,M,1985-05-14,STREET VENDOR,15000.0,MC,YAMAHA,M-SLAZ 150,2016,AR,37000,S3,2023-01-02,S2,NPL,APPLICATION_COMPLETED,38,7
704,25000.0,24779.96,36,F,1991-09-21,STREET VENDOR,10000.0,MC,HONDA,WAVE 110 I,2013,CC,35500,S2,2022-11-21,S1,NPL,APPLICATION_COMPLETED,32,10
705,140000.0,138829.83,60,F,1984-04-20,พนักงานบริษัท,20000.0,CAR,MAZDA,3,2008,BY,225000,S2,2022-11-29,S1,NPL,APPLICATION_COMPLETED,39,15
706,28500.0,28500.0,18,F,1992-03-28,พนักงานบริษัท,18000.0,MC,YAMAHA,GRAND FILANO 125,2017,AR,38000,S3,2023-01-02,S2,NPL,APPLICATION_COMPLETED,31,6
707,20800.0,20385.43,12,M,1992-03-08,พนักงานบริษัท,20000.0,MC,HONDA,SCOOPY I,2018,AO,45000,S3,2023-01-02,S2,NPL,APPLICATION_COMPLETED,31,5
708,91000.0,90941.18,60,F,1991-03-19,STREET VENDOR,15000.0,CAR,NISSAN,MARCH,2010,CA,140000,S3,2023-01-05,S2,NPL,APPLICATION_COMPLETED,32,13
709,15000.0,14902.51,36,M,1979-08-06,STREET VENDOR,20000.0,MC,HONDA,WAVE 100,2007,AI,20000,S2,2022-11-29,S1,NPL,APPLICATION_COMPLETED,44,16
711,250000.0,250000.0,54,F,1983-07-18,พนักงานบริษัท,17983.0,CAR,HONDA,JAZZ,2014,CJ,410000,S3,2023-01-02,S2,NPL,APPLICATION_COMPLETED,40,9
712,300000.0,290455.23,60,M,1985-05-28,พนักงานบริษัท,30000.0,PU,ISUZU,D-MAX,2012,BQ,431500,S2,2022-10-30,S1,NPL,APPLICATION_COMPLETED,38,11
713,70000.0,70000.0,36,F,1992-08-12,พนักงานบริษัท,18000.0,MC,HONDA,PCX 160,2021,BR,95500,S3,2023-01-02,S2,NPL,APPLICATION_COMPLETED,31,2
714,27300.0,27300.0,12,F,1989-09-09,STREET VENDOR,25000.0,MC,HONDA,SUPER CUB 110,2018,CA,36500,S3,2023-01-13,S2,NPL,APPLICATION_COMPLETED,34,5
715,200000.0,199020.27,60,F,1962-10-30,เกษตรกร,25000.0,PU,TOYOTA,HILUX VIGO,2005,CM,301500,S2,2022-10-30,S1,NPL,APPLICATION_COMPLETED,61,18
716,33000.0,33000.0,36,M,1979-08-20,อื่นๆ,19000.0,MC,HONDA,WAVE 110 I,2019,DU,44000,S3,2023-01-02,S2,NPL,APPLICATION_COMPLETED,44,4
717,50000.0,50000.0,36,F,1982-05-19,STREET VENDOR,20000.0,MC,YAMAHA,N-MAX 155,2020,BJ,72500,S3,2023-01-13,S2,NPL,APPLICATION_COMPLETED,41,3
718,30000.0,30000.0,36,F,1991-12-15,อื่นๆ,18000.0,MC,HONDA,WAVE 110 I,2017,CT,41000,S3,2023-01-02,S2,NPL,APPLICATION_COMPLETED,32,6
719,15700.0,15700.0,24,M,1982-08-12,อื่นๆ,15000.0,MC,HONDA,WAVE 110 I,2011,AI,21000,S2,2022-11-18,S1,NPL,APPLICATION_COMPLETED,41,12
720,28000.0,27364.81,24,F,1983-04-26,พนักงานบริษัท,19000.0,MC,HONDA,MSX 125,2018,BP,37500,S2,2022-11-29,S1,NPL,APPLICATION_COMPLETED,40,5
721,27000.0,27000.0,36,F,1989-10-26,พนักงานบริษัท,20000.0,MC,YAMAHA,FINO 125,2018,AN,36500,S3,2023-01-08,S2,NPL,APPLICATION_COMPLETED,34,5
722,80500.0,80500.0,48,F,1998-01-03,เกษตรกร,30000.0,CAR,HONDA,JAZZ,2005,BI,161500,S3,2023-01-02,S2,NPL,APPLICATION_COMPLETED,25,18
723,180000.0,180000.0,60,F,1979-12-09,บุคลากรทางการแพทย์,26690.0,PU,TOYOTA,FORTUNER,2015,FP,831000,S3,2023-01-08,S2,NPL,APPLICATION_COMPLETED,44,8
724,190000.0,190000.0,60,M,1984-12-01,STREET VENDOR,15000.0,PU,ISUZU,D-MAX,2005,DH,238000,S3,2023-01-11,S2,NPL,APPLICATION_COMPLETED,39,18
726,40000.0,40000.0,24,M,1970-06-14,เกษตรกร,17000.0,CAR,CHEVROLET,CRUZE,2012,AF,202000,S3,2023-01-02,S2,NPL,APPLICATION_COMPLETED,53,11
727,15000.0,15000.0,18,F,1982-05-19,STREET VENDOR,20000.0,MC,YAMAHA,N-MAX 155,2020,BJ,72500,S3,2023-01-13,S2,NPL,APPLICATION_COMPLETED,41,3
728,190000.0,190000.0,60,M,1988-10-04,อื่นๆ,14500.0,PU,TOYOTA,HILUX VIGO,2008,BW,276000,S3,2023-01-08,S2,NPL,APPLICATION_COMPLETED,35,15
729,30000.0,27904.3,36,F,1995-03-23,STREET VENDOR,25000.0,MC,HONDA,PCX 150,2016,CF,56000,S1,2023-01-06,S3,NPL,APPLICATION_COMPLETED,28,7
731,26000.0,26000.0,36,M,1977-08-05,พนักงานบริษัท,16000.0,MC,HONDA,WAVE 110 I,2013,BW,35000,S3,2023-01-08,S2,NPL,APPLICATION_COMPLETED,46,10
732,40000.0,40000.0,36,F,1996-07-01,STREET VENDOR,15000.0,MC,HONDA,DREAM 110I,2017,CO,53000,S3,2023-01-13,S2,NPL,APPLICATION_COMPLETED,27,6
733,25000.0,25000.0,24,F,1995-12-18,พนักงานบริษัท,14000.0,MC,HONDA,SCOOPY I,2019,CK,38500,S3,2023-01-02,S2,NPL,APPLICATION_COMPLETED,28,4
734,19500.0,19500.0,36,M,1986-12-12,STREET VENDOR,30000.0,MC,HONDA,DREAM 110,2014,CA,42000,S3,2023-01-02,S2,NPL,APPLICATION_COMPLETED,37,9
735,210000.0,210000.0,60,F,1988-07-23,พนักงานบริษัท,25000.0,CAR,TOYOTA,VIOS,2013,DU,290000,S3,2023-01-05,S2,NPL,APPLICATION_COMPLETED,35,10
736,21000.0,21000.0,24,M,1982-08-12,อื่นๆ,15000.0,MC,HONDA,WAVE 110 I,2011,AI,21000,S3,2023-01-13,S2,NPL,APPLICATION_COMPLETED,41,12
737,15000.0,15000.0,30,M,1995-04-10,พนักงานบริษัท,15000.0,MC,HONDA,WAVE 110 I,2011,AI,21000,S3,2023-01-02,S2,NPL,APPLICATION_COMPLETED,28,12
738,15800.0,15800.0,24,M,1963-12-05,อื่นๆ,15000.0,MC,HONDA,WAVE 110 I,2011,AI,21000,S3,2023-01-02,S2,NPL,APPLICATION_COMPLETED,60,12
739,160000.0,157727.65,24,F,1993-10-07,STREET VENDOR,25000.0,PU,MAZDA,BT-50,2011,AX,249500,S2,2023-01-15,S3,NPL,APPLICATION_COMPLETED,30,12
740,21500.0,21500.0,24,M,1963-12-05,อื่นๆ,15000.0,MC,HONDA,WAVE 110 I,2011,AI,21000,S3,2023-01-02,S2,NPL,APPLICATION_COMPLETED,60,12
741,14500.0,14500.0,36,F,1956-01-01,STREET VENDOR,16000.0,MC,YAMAHA,SPARK 115 I,2013,AK,19500,S3,2023-01-08,S2,NPL,APPLICATION_COMPLETED,67,10
742,32000.0,32000.0,36,M,1975-03-10,STREET VENDOR,15000.0,MC,HONDA,WAVE 110I,2021,CD,43500,S3,2023-01-05,S2,NPL,APPLICATION_COMPLETED,48,2
743,20000.0,20000.0,24,F,1987-01-14,STREET VENDOR,30000.0,MC,HONDA,WAVE 110 I,2018,DI,43000,S3,2023-01-13,S2,NPL,APPLICATION_COMPLETED,36,5
744,240000.0,240000.0,60,M,1994-01-21,STREET VENDOR,15000.0,CAR,TOYOTA,VIOS,2015,DL,319000,S3,2023-01-08,S2,NPL,APPLICATION_COMPLETED,29,8
745,11000.0,11000.0,12,F,1988-06-15,พนักงานบริษัท,25000.0,MC,SUZUKI,SKYDRIVE 125,2012,AD,17500,S2,2022-11-18,S1,NPL,APPLICATION_COMPLETED,35,11
746,33000.0,33000.0,36,M,1995-05-01,ข้าราชการ,15500.0,MC,HONDA,WAVE 110 I,2019,DU,44000,S3,2023-01-05,S2,NPL,APPLICATION_COMPLETED,28,4
748,8000.0,8000.0,36,F,1996-08-11,พนักงานบริษัท,15000.0,MC,YAMAHA,MIO 125,2010,AE,12500,S3,2023-01-02,S2,NPL,APPLICATION_COMPLETED,27,13
749,228800.0,228800.0,60,F,1987-07-12,พนักงานบริษัท,16300.0,PU,TOYOTA,HILUX VIGO,2008,EO,286000,S3,2023-01-08,S2,NPL,APPLICATION_COMPLETED,36,15
750,10000.0,10000.0,12,F,1991-05-10,พนักงานบริษัท,20000.0,MC,GPX,DEMON 125,2016,AF,16000,S3,2023-01-02,S2,NPL,APPLICATION_COMPLETED,32,7
751,18700.0,18700.0,18,M,1963-10-24,อื่นๆ,30000.0,MC,HONDA,SCOOPY I,2014,BV,25000,S3,2023-01-05,S2,NPL,APPLICATION_COMPLETED,60,9
752,27000.0,27000.0,36,M,1999-04-20,STREET VENDOR,20000.0,MC,YAMAHA,M-SLAZ 150,2016,AR,37000,S2,2022-11-18,S1,NPL,APPLICATION_COMPLETED,24,7
753,26000.0,26000.0,24,F,1994-05-07,อื่นๆ,10000.0,MC,YAMAHA,GRAND FILANO 125,2018,AV,34500,S3,2023-01-13,S2,NPL,APPLICATION_COMPLETED,29,5
754,33000.0,33000.0,36,M,1980-06-09,อื่นๆ,12000.0,MC,HONDA,WAVE 110I,2022,CH,44500,S2,2022-11-24,S1,NPL,APPLICATION_COMPLETED,43,1
755,24000.0,24000.0,12,F,1970-07-23,STREET VENDOR,30000.0,MC,HONDA,SCOOPY I,2018,BZ,33000,S3,2023-01-13,S2,NPL,APPLICATION_COMPLETED,53,5
756,15000.0,15000.0,18,M,2001-12-08,พนักงานบริษัท,17880.0,MC,HONDA,WAVE 100,2008,AO,22000,S3,2023-01-11,S2,NPL,APPLICATION_COMPLETED,22,15
757,26000.0,26000.0,36,M,1983-04-29,อื่นๆ,25000.0,MC,HONDA,WAVE 125 I,2018,DC,34900,S2,2022-11-21,S1,NPL,APPLICATION_COMPLETED,40,5
760,19500.0,19500.0,36,F,1997-08-05,STREET VENDOR,10000.0,MC,HONDA,CLICK 125I,2014,AO,26000,S2,2022-11-24,S1,NPL,APPLICATION_COMPLETED,26,9
761,18700.0,18700.0,36,F,1989-12-25,อื่นๆ,11000.0,MC,YAMAHA,FINO (MLEKE),2012,AE,25000,S2,2022-11-18,S1,NPL,APPLICATION_COMPLETED,34,11
762,31000.0,31000.0,36,F,1972-09-01,อื่นๆ,10000.0,MC,HONDA,DREAM 110,2014,CA,42000,S2,2022-11-27,S1,NPL,APPLICATION_COMPLETED,51,9
763,30000.0,30000.0,12,F,1980-03-23,พนักงานบริษัท,15000.0,MC,HONDA,WAVE 110 I,2016,CM,40000,S2,2022-11-29,S1,NPL,APPLICATION_COMPLETED,43,7
764,11000.0,11000.0,12,F,1967-08-17,STREET VENDOR,20000.0,MC,GPX,DEMON 125,2016,AF,16000,S2,2022-11-18,S1,NPL,APPLICATION_COMPLETED,56,7
765,218000.0,218000.0,48,M,1987-12-14,ข้าราชการ,24050.0,CAR,TOYOTA,VIOS,2013,DU,290000,S3,2023-01-13,S2,NPL,APPLICATION_COMPLETED,36,10
766,26400.0,26400.0,24,F,2000-07-16,เกษตรกร,15000.0,MC,HONDA,WAVE 110 I,2014,CH,35000,S2,2022-11-29,S1,NPL,APPLICATION_COMPLETED,23,9
767,134600.0,134600.0,60,M,1987-02-18,อื่นๆ,12000.0,PU,MITSUBISHI,TRITON,2006,AH,222500,S2,2022-11-18,S1,NPL,APPLICATION_COMPLETED,36,17
768,32000.0,32000.0,24,M,1977-02-18,STREET VENDOR,30000.0,MC,YAMAHA,GRAND FILANO 125,2016,CI,35000,S2,2022-11-29,S1,NPL,APPLICATION_COMPLETED,46,7
770,24000.0,24000.0,36,F,1993-09-23,อื่นๆ,15000.0,MC,HONDA,CLICK 125I,2017,BD,32000,S2,2022-11-24,S1,NPL,APPLICATION_COMPLETED,30,6
771,17800.0,17800.0,24,M,1998-12-09,พนักงานบริษัท,12000.0,MC,GPX,DEMON 150,2017,AB,25500,S2,2022-11-29,S1,NPL,APPLICATION_COMPLETED,25,6
772,33000.0,33000.0,36,M,1979-09-16,พนักงานบริษัท,18000.0,MC,HONDA,DREAM 110,2014,CA,42000,S2,2022-11-24,S1,NPL,APPLICATION_COMPLETED,44,9
773,31500.0,31500.0,36,F,1986-01-01,พนักงานบริษัท,17000.0,MC,HONDA,WAVE 110 I,2018,DG,42000,S2,2022-11-27,S1,NPL,APPLICATION_COMPLETED,37,5
774,30000.0,29711.0,24,M,1985-12-22,STREET VENDOR,15000.0,MC,HONDA,WAVE 110 I,2013,BW,35000,S3,2023-01-13,S2,NPL,APPLICATION_COMPLETED,38,10
775,68400.0,67484.99,24,M,1979-01-26,ข้าราชการ,32680.0,CAR,FORD,EVEREST,2005,BF,228000,S1,2023-01-08,S2,NPL,APPLICATION_COMPLETED,44,18
776,51000.0,50715.88,36,F,1995-04-10,อื่นๆ,10000.0,MC,HONDA,PCX 150I,2018,BV,64500,S3,2022-12-29,S2,NPL,APPLICATION_COMPLETED,28,5
777,37000.0,36011.72,36,M,1997-02-03,พนักงานบริษัท,20500.0,MC,HONDA,CLICK 160,2022,CP,57100,S3,2022-12-29,S2,NPL,APPLICATION_COMPLETED,26,1
778,35000.0,35000.0,36,F,1981-06-13,STREET VENDOR,15000.0,MC,HONDA,SCOOPY I,2020,CX,46500,S3,2022-12-06,S2,NPL,APPLICATION_COMPLETED,42,3
779,190000.0,190000.0,60,M,1988-08-03,อื่นๆ,30000.0,CAR,TOYOTA,CAMRY,2009,EO,323500,S3,2022-11-28,S2,NPL,APPLICATION_COMPLETED,35,14
780,15000.0,15000.0,18,F,1984-10-30,STREET VENDOR,15000.0,MC,HONDA,SCOOPY I,2012,BO,23000,S3,2022-12-09,S2,NPL,APPLICATION_COMPLETED,39,11
782,150000.0,150000.0,60,M,1995-03-13,STREET VENDOR,25000.0,PU,TOYOTA,HILUX VIGO,2010,CR,271000,S3,2022-12-06,S2,NPL,APPLICATION_COMPLETED,28,13
783,23000.0,23000.0,36,F,1991-04-12,STREET VENDOR,7000.0,MC,YAMAHA,FINO (MLEKE),2011,AD,35500,S3,2022-12-06,S2,NPL,APPLICATION_COMPLETED,32,12
784,46000.0,46000.0,36,F,1986-07-27,อื่นๆ,10000.0,MC,HONDA,PCX 150,2017,CQ,61500,S3,2022-12-12,S2,NPL,APPLICATION_COMPLETED,37,6
785,14200.0,13053.27,12,F,2000-12-06,พนักงานบริษัท,9000.0,MC,HONDA,WAVE 110 I,2009,AF,19000,S3,2022-12-12,S2,NPL,APPLICATION_COMPLETED,23,14
786,28000.0,28000.0,12,M,1968-01-29,เกษตรกร,30000.01,MC,HONDA,WAVE 110I,2021,CH,38000,S3,2022-11-05,S2,NPL,APPLICATION_COMPLETED,55,2
788,110000.0,110000.0,60,F,1987-11-06,อื่นๆ,15000.0,CAR,HONDA,CIVIC,2005,AV,167500,S3,2022-12-03,S2,NPL,APPLICATION_COMPLETED,36,18
789,29000.0,29000.0,36,M,1990-08-07,อื่นๆ,20000.0,MC,HONDA,DREAM 110,2016,CB,45000,S3,2022-12-06,S2,NPL,APPLICATION_COMPLETED,33,7
790,27300.0,27300.0,18,M,1989-01-19,พนักงานบริษัท,9000.0,MC,HONDA,WAVE 110 I,2017,CV,42000,S3,2022-12-06,S2,NPL,APPLICATION_COMPLETED,34,6
791,230000.0,230000.0,60,M,1989-10-10,พนักงานบริษัท,20000.0,PU,TOYOTA,HILUX VIGO,2007,DR,287000,S3,2022-12-14,S2,NPL,APPLICATION_COMPLETED,34,16
792,29000.0,29000.0,36,M,1993-07-09,เลี้ยงสัตว์,20000.0,MC,HONDA,WAVE 110I,2022,CH,44500,S3,2022-12-09,S2,NPL,APPLICATION_COMPLETED,30,1
793,140000.0,140000.0,60,F,1983-05-09,STREET VENDOR,20000.0,PU,ISUZU,D-MAX,2003,AF,184000,S3,2022-12-06,S2,NPL,APPLICATION_COMPLETED,40,20
794,230000.0,230000.0,60,M,1974-09-11,อื่นๆ,30000.0,PU,TOYOTA,HILUX VIGO,2010,FG,332500,S3,2022-12-14,S2,NPL,APPLICATION_COMPLETED,49,13
795,152550.0,152550.0,60,M,1987-08-17,STREET VENDOR,30000.0,CAR,TOYOTA,INNOVA,2005,AV,226000,S3,2022-12-18,S2,NPL,APPLICATION_COMPLETED,36,18
796,25000.0,25000.0,24,M,1962-10-27,ข้าราชการ,32000.0,MC,YAMAHA,GRAND FILANO 125,2017,AT,33500,S3,2022-12-09,S2,NPL,APPLICATION_COMPLETED,61,6
797,250000.0,250000.0,60,M,1981-02-23,อื่นๆ,17000.0,PU,TOYOTA,HILUX REVO,2015,EI,387500,S3,2022-12-06,S2,NPL,APPLICATION_COMPLETED,42,8
798,27300.0,27204.98,36,M,1993-02-14,อื่นๆ,20000.0,MC,YAMAHA,M-SLAZ 150,2017,BC,42000,S3,2022-12-18,S2,NPL,APPLICATION_COMPLETED,30,6
800,180000.0,180000.0,60,M,1994-12-30,อื่นๆ,26000.0,CAR,HONDA,CIVIC,2007,AV,238500,S3,2022-12-03,S2,NPL,APPLICATION_COMPLETED,29,16
801,15000.0,15000.0,12,F,1997-12-05,STREET VENDOR,20000.0,MC,HONDA,WAVE 110 I,2011,AV,24000,S3,2022-12-14,S2,NPL,APPLICATION_COMPLETED,26,12
802,20000.0,20000.0,24,M,1992-06-22,STREET VENDOR,30000.0,MC,HONDA,WAVE 110 I,2010,AP,31000,S3,2022-12-14,S2,NPL,APPLICATION_COMPLETED,31,13
803,42000.0,42000.0,24,M,1986-02-07,STREET VENDOR,30000.0,MC,HONDA,PCX 150,2016,CF,56000,S3,2022-12-18,S2,NPL,APPLICATION_COMPLETED,37,7
804,180000.0,180000.0,60,F,1994-06-06,STREET VENDOR,25000.0,CAR,MITSUBISHI,LANCER,2002,AC,105000,S3,2022-12-27,S2,NPL,APPLICATION_COMPLETED,29,21
805,32000.0,32000.0,36,F,1985-03-24,อื่นๆ,22000.0,MC,HONDA,WAVE 110 I,2019,DS,43000,S3,2022-12-14,S2,NPL,APPLICATION_COMPLETED,38,4
806,21000.0,21000.0,18,F,1977-07-05,เกษตรกร,15000.0,MC,HONDA,MSX 125,2015,BK,28500,S3,2022-12-29,S2,NPL,APPLICATION_COMPLETED,46,8
807,48000.0,48000.0,36,M,1998-07-12,พนักงานบริษัท,15000.0,MC,HONDA,PCX 150,2018,DD,64500,S3,2022-12-24,S2,NPL,APPLICATION_COMPLETED,25,5
809,50000.0,50000.0,36,M,1997-12-08,พนักงานบริษัท,14000.0,MC,HONDA,PCX 160,2021,BQ,82500,S3,2022-12-06,S2,NPL,APPLICATION_COMPLETED,26,2
810,25000.0,25000.0,36,F,1975-08-18,อื่นๆ,9000.0,MC,HONDA,WAVE 110 I,2013,BU,34000,S3,2022-12-29,S2,NPL,APPLICATION_COMPLETED,48,10
811,30000.0,30000.0,24,F,1976-02-24,STREET VENDOR,30000.0,MC,HONDA,WAVE 110 I,2017,CR,40000,S3,2022-12-27,S2,NPL,APPLICATION_COMPLETED,47,6
812,92000.0,92000.0,30,F,1962-12-30,STREET VENDOR,20000.0,PU,MITSUBISHI,TRITON,2007,BE,184000,S3,2022-12-29,S2,NPL,APPLICATION_COMPLETED,61,16
813,32000.0,32000.0,36,F,1976-06-27,STREET VENDOR,20000.0,MC,HONDA,WAVE 110 I,2021,DQ,46000,S3,2022-12-24,S2,NPL,APPLICATION_COMPLETED,47,2
814,290000.0,290000.0,60,F,1990-05-04,อื่นๆ,28500.0,PU,MITSUBISHI,TRITON,2015,AC,453000,S3,2022-12-29,S2,NPL,APPLICATION_COMPLETED,33,8
815,25000.0,25000.0,36,F,1981-04-30,อื่นๆ,30000.0,MC,HONDA,WAVE 110 I,2013,BU,34000,S3,2022-12-29,S2,NPL,APPLICATION_COMPLETED,42,10
816,150000.0,150000.0,60,M,1989-05-26,อื่นๆ,25000.0,PU,TOYOTA,HILUX VIGO,2011,EK,205000,S3,2022-12-29,S2,NPL,APPLICATION_COMPLETED,34,12
817,190000.0,190000.0,60,M,1987-08-10,พนักงานรัฐวิสาหกิจ,25000.0,PU,MAZDA,BT-50PRO,2013,AO,292500,S3,2022-12-29,S2,NPL,APPLICATION_COMPLETED,36,10
818,70000.0,70000.0,30,F,1985-08-31,พนักงานบริษัท,12000.0,CAR,TOYOTA,COROLLA ALTIS,2003,DG,140500,S3,2022-12-09,S2,NPL,APPLICATION_COMPLETED,38,20
819,25000.0,25000.0,30,M,1983-01-29,พนักงานบริษัท,18000.0,MC,HONDA,WAVE 110I,2022,CK,34000,S3,2022-12-24,S2,NPL,APPLICATION_COMPLETED,40,1
820,180000.0,180000.0,60,M,1983-08-29,ข้าราชการ,36070.0,PU,ISUZU,D-MAX,2007,DB,267000,S3,2022-12-29,S2,NPL,APPLICATION_COMPLETED,40,16
821,125000.0,124670.06,60,M,1998-05-21,อื่นๆ,15000.0,CAR,HONDA,CIVIC,2003,BN,168500,S3,2022-12-06,S2,NPL,APPLICATION_COMPLETED,25,20
822,120000.0,120000.0,60,F,1985-04-20,อื่นๆ,18000.0,CAR,HONDA,JAZZ,2005,BY,163500,S3,2022-12-24,S2,NPL,APPLICATION_COMPLETED,38,18
823,17700.0,17700.0,36,F,1995-06-21,STREET VENDOR,30000.0,MC,YAMAHA,FINO (MLEKE),2010,AL,23500,S3,2022-12-06,S2,NPL,APPLICATION_COMPLETED,28,13
824,34000.0,34000.0,36,M,2001-12-02,อื่นๆ,14000.0,MC,HONDA,DREAM 110I,2017,CO,53000,S3,2022-12-14,S2,NPL,APPLICATION_COMPLETED,22,6
825,154000.0,154000.0,48,M,1976-06-09,อื่นๆ,9500.0,PU,TOYOTA,HILUX VIGO,2005,CT,192000,S3,2022-12-27,S2,NPL,APPLICATION_COMPLETED,47,18
826,14000.0,14000.0,12,F,1956-08-17,STREET VENDOR,15000.0,MC,YAMAHA,FINO (MLEKE),2009,AH,23000,S3,2022-12-24,S2,NPL,APPLICATION_COMPLETED,67,14
829,144000.0,144000.0,60,M,1969-12-11,ข้าราชการ,36000.0,CAR,TOYOTA,VIOS,2010,DX,222000,S3,2022-12-29,S2,NPL,APPLICATION_COMPLETED,54,13
831,39000.0,39000.0,36,F,1988-01-09,พนักงานบริษัท,15000.0,MC,HONDA,DREAM 110I,2017,CO,53000,S3,2022-12-29,S2,NPL,APPLICATION_COMPLETED,35,6
832,300000.0,300000.0,60,F,1971-11-04,เกษตรกร,20000.0,PU,NISSAN,NAVARA,2019,DQ,484500,S3,2022-12-29,S2,NPL,APPLICATION_COMPLETED,52,4
